2026-08-03 10:26 - INFO - INICIO DEL PROCESO DE SINCRONIZACION 
2026-08-03 10:26 - INFO - 

2026-08-03 10:26 - INFO - Solicitud del token: 200
2026-08-03 10:26 - INFO - 

2026-08-03 10:27 - INFO - Kit 4 Neumáticos Michelin 520r12 62s (125r12) X Colección S
2026-08-03 10:27 - INFO - Sku: 084711
2026-08-03 10:27 - INFO - Precio viejo: 1274000
2026-08-03 10:27 - INFO - Precio nuevo:1273804
2026-08-03 10:27 - INFO - https://articulo.mercadolibre.com.ar/MLA-826575768-kit-4-neumaticos-michelin-520r12-62s-125r12-x-coleccion-s-_JM
2026-08-03 10:27 - INFO - 

2026-08-03 10:27 - INFO - Kit 2 Neumáticos Michelin 520-12 (145r12) 72s Mx Coleccion
2026-08-03 10:27 - INFO - Sku: 028138
2026-08-03 10:27 - INFO - Precio viejo: 828800
2026-08-03 10:27 - INFO - Precio nuevo:828746
2026-08-03 10:27 - INFO - https://articulo.mercadolibre.com.ar/MLA-743755877-kit-2-neumaticos-michelin-520-12-145r12-72s-mx-coleccion-_JM
2026-08-03 10:27 - INFO - 

2026-08-03 10:27 - INFO - Kit X4 Neumáticos Michelin 520-12 (145r12) 72s Mx Coleccion S
2026-08-03 10:27 - INFO - Sku: 028138
2026-08-03 10:27 - INFO - Precio viejo: 1657600
2026-08-03 10:27 - INFO - Precio nuevo:1657492
2026-08-03 10:27 - INFO - https://articulo.mercadolibre.com.ar/MLA-743755444-kit-x4-neumaticos-michelin-520-12-145r12-72s-mx-coleccion-s-_JM
2026-08-03 10:27 - INFO - 

2026-08-03 10:27 - INFO - Kit 4 Neumático Michelin 175r13 (6.40r13) 87s Zx Coleccion S
2026-08-03 10:27 - INFO - Sku: 024399
2026-08-03 10:27 - INFO - Precio viejo: 1471846.06
2026-08-03 10:27 - INFO - Precio nuevo:2084980
2026-08-03 10:27 - INFO - https://articulo.mercadolibre.com.ar/MLA-743755428-kit-4-neumatico-michelin-175r13-640r13-87s-zx-coleccion-s-_JM
2026-08-03 10:27 - INFO - 

2026-08-03 10:27 - INFO - Kit 2 Neumáticos Bfgoodrich 175/65r14 86h Advantage Touring H
2026-08-03 10:27 - INFO - Sku: 981403
2026-08-03 10:27 - INFO - Precio viejo: 379000
2026-08-03 10:27 - INFO - Precio nuevo:355768
2026-08-03 10:27 - INFO - Stock viejo: 4
2026-08-03 10:27 - INFO - Stock nuevo:7
2026-08-03 10:27 - INFO - https://articulo.mercadolibre.com.ar/MLA-745638808-kit-2-neumaticos-bfgoodrich-17565r14-86h-advantage-touring-h-_JM
2026-08-03 10:27 - INFO - 

2026-08-03 10:27 - INFO - Kit 4 Neumáticos Bfgoodrich 175/65r14 86h Advantage Touring H
2026-08-03 10:27 - INFO - Sku: 981403
2026-08-03 10:27 - INFO - Precio viejo: 758000
2026-08-03 10:27 - INFO - Precio nuevo:711536
2026-08-03 10:27 - INFO - Stock viejo: 2
2026-08-03 10:27 - INFO - Stock nuevo:3
2026-08-03 10:27 - INFO - https://articulo.mercadolibre.com.ar/MLA-826575654-kit-4-neumaticos-bfgoodrich-17565r14-86h-advantage-touring-h-_JM
2026-08-03 10:27 - INFO - 

2026-08-03 10:27 - INFO - Kit 2 Neumaticos Bfgoodrich 175/70r14 88t Advantage Touring T
2026-08-03 10:27 - INFO - Sku: 920995
2026-08-03 10:27 - INFO - Precio viejo: 436400
2026-08-03 10:27 - INFO - Precio nuevo:436422
2026-08-03 10:27 - INFO - Stock viejo: 2
2026-08-03 10:27 - INFO - Stock nuevo:4
2026-08-03 10:27 - INFO - https://articulo.mercadolibre.com.ar/MLA-1559074301-kit-2-neumaticos-bfgoodrich-17570r14-88t-advantage-touring-t-_JM
2026-08-03 10:27 - INFO - 

2026-08-03 10:27 - INFO - Kit 4 Neumaticos Bfgoodrich 175/70r14 88t Advantage Touring T
2026-08-03 10:27 - INFO - Sku: 920995
2026-08-03 10:27 - INFO - Precio viejo: 872800
2026-08-03 10:27 - INFO - Precio nuevo:872844
2026-08-03 10:27 - INFO - https://articulo.mercadolibre.com.ar/MLA-1558970481-kit-4-neumaticos-bfgoodrich-17570r14-88t-advantage-touring-t-_JM
2026-08-03 10:27 - INFO - 

2026-08-03 10:27 - INFO - Kit 4 Neumáticos Michelin 175/70r14 88t Energy Xm2+ T
2026-08-03 10:27 - INFO - Sku: 498361
2026-08-03 10:27 - INFO - Precio viejo: 973600
2026-08-03 10:27 - INFO - Precio nuevo:861360
2026-08-03 10:27 - INFO - Stock viejo: 0
2026-08-03 10:27 - INFO - Stock nuevo:1
2026-08-03 10:27 - INFO - https://articulo.mercadolibre.com.ar/MLA-826575282-kit-4-neumaticos-michelin-17570r14-88t-energy-xm2-t-_JM
2026-08-03 10:27 - INFO - 

2026-08-03 10:27 - INFO - Kit 4 Neumáticos Michelin 175/70r14 88t Energy Xm2 El T
2026-08-03 10:27 - INFO - Sku: 498361
2026-08-03 10:27 - INFO - Precio viejo: 973600
2026-08-03 10:27 - INFO - Precio nuevo:973712
2026-08-03 10:27 - INFO - https://articulo.mercadolibre.com.ar/MLA-680278578-kit-4-neumaticos-michelin-17570r14-88t-energy-xm2-el-t-_JM
2026-08-03 10:27 - INFO - 

2026-08-03 10:27 - INFO - Kit 2 Neumáticos Michelin 175/70r14 88t Energy Xm2+ T
2026-08-03 10:27 - INFO - Sku: 498361
2026-08-03 10:27 - INFO - Precio viejo: 486800
2026-08-03 10:27 - INFO - Precio nuevo:486856
2026-08-03 10:27 - INFO - https://articulo.mercadolibre.com.ar/MLA-826575669-kit-2-neumaticos-michelin-17570r14-88t-energy-xm2-t-_JM
2026-08-03 10:27 - INFO - 

2026-08-03 10:27 - INFO - Kit 2 Neumático Bfgoodrich 185/60r14 86h Advantage Touring H
2026-08-03 10:27 - INFO - Sku: 834901
2026-08-03 10:27 - INFO - Precio viejo: 433600
2026-08-03 10:27 - INFO - Precio nuevo:433548
2026-08-03 10:27 - INFO - Stock viejo: 2
2026-08-03 10:27 - INFO - Stock nuevo:3
2026-08-03 10:27 - INFO - https://articulo.mercadolibre.com.ar/MLA-851223136-kit-2-neumatico-bfgoodrich-18560r14-86h-advantage-touring-h-_JM
2026-08-03 10:27 - INFO - 

2026-08-03 10:27 - INFO - Kit 4 Neumáticos Bfgoodrich 185/60r14 86h Advantage Touring H
2026-08-03 10:27 - INFO - Sku: 834901
2026-08-03 10:27 - INFO - Precio viejo: 867200
2026-08-03 10:27 - INFO - Precio nuevo:867096
2026-08-03 10:27 - INFO - https://articulo.mercadolibre.com.ar/MLA-851223138-kit-4-neumaticos-bfgoodrich-18560r14-86h-advantage-touring-h-_JM
2026-08-03 10:27 - INFO - 

2026-08-03 10:27 - INFO - Kit 4 Neumáticos Bfgoodrich 185/65r14 90h Advantage Touring H
2026-08-03 10:27 - INFO - Sku: 534786
2026-08-03 10:27 - INFO - Precio viejo: 857200
2026-08-03 10:27 - INFO - Precio nuevo:857212
2026-08-03 10:27 - INFO - https://articulo.mercadolibre.com.ar/MLA-3265185326-kit-4-neumaticos-bfgoodrich-18565r14-90h-advantage-touring-h-_JM
2026-08-03 10:27 - INFO - 

2026-08-03 10:27 - INFO - Kit 2 Neumáticos Bfgoodrich 185/65r14 90h Advantage Touring H
2026-08-03 10:27 - INFO - Sku: 534786
2026-08-03 10:27 - INFO - Precio viejo: 428600
2026-08-03 10:27 - INFO - Precio nuevo:428606
2026-08-03 10:27 - INFO - https://articulo.mercadolibre.com.ar/MLA-3265120736-kit-2-neumaticos-bfgoodrich-18565r14-90h-advantage-touring-h-_JM
2026-08-03 10:27 - INFO - 

2026-08-03 10:27 - INFO - Kit 4 Neumaticos Michelin 185/65r14 86h Energy Xm2+ H
2026-08-03 10:27 - INFO - Sku: 086627
2026-08-03 10:27 - INFO - Precio viejo: 1052000
2026-08-03 10:27 - INFO - Precio nuevo:1051264
2026-08-03 10:27 - INFO - https://articulo.mercadolibre.com.ar/MLA-2728252978-kit-4-neumaticos-michelin-18565r14-86h-energy-xm2-h-_JM
2026-08-03 10:27 - INFO - 

2026-08-03 10:27 - INFO - Kit 2 Neumáticos Michelin 185/65r14 86h Energy Xm2+ H
2026-08-03 10:27 - INFO - Sku: 086627
2026-08-03 10:27 - INFO - Precio viejo: 526000
2026-08-03 10:27 - INFO - Precio nuevo:525632
2026-08-03 10:27 - INFO - https://articulo.mercadolibre.com.ar/MLA-1816931857-kit-2-neumaticos-michelin-18565r14-86h-energy-xm2-h-_JM
2026-08-03 10:27 - INFO - 

2026-08-03 10:27 - INFO - Kit 4 Neumáticos Bfgoodrich 185/70r14 88h Advantage Touring H
2026-08-03 10:27 - INFO - Sku: 942668
2026-08-03 10:27 - INFO - Precio viejo: 869200
2026-08-03 10:27 - INFO - Precio nuevo:868848
2026-08-03 10:27 - INFO - https://articulo.mercadolibre.com.ar/MLA-3269507266-kit-4-neumaticos-bfgoodrich-18570r14-88h-advantage-touring-h-_JM
2026-08-03 10:27 - INFO - 

2026-08-03 10:27 - INFO - Kit 2 Neumático Bfgoodrich 185/70r14 88h Advantage Touring H
2026-08-03 10:27 - INFO - Sku: 942668
2026-08-03 10:27 - INFO - Precio viejo: 434600
2026-08-03 10:27 - INFO - Precio nuevo:434424
2026-08-03 10:27 - INFO - https://articulo.mercadolibre.com.ar/MLA-3269635024-kit-2-neumatico-bfgoodrich-18570r14-88h-advantage-touring-h-_JM
2026-08-03 10:27 - INFO - 

2026-08-03 10:27 - INFO - Kit 4 Neumáticos Michelin 195/70r14 91h Energy Xm2+ H
2026-08-03 10:27 - INFO - Sku: 772845
2026-08-03 10:27 - INFO - Precio viejo: 1121600
2026-08-03 10:27 - INFO - Precio nuevo:1121920
2026-08-03 10:27 - INFO - https://articulo.mercadolibre.com.ar/MLA-670799685-kit-4-neumaticos-michelin-19570r14-91h-energy-xm2-h-_JM
2026-08-03 10:27 - INFO - 

2026-08-03 10:27 - INFO - Kit 2 Neumáticos Michelin 195/70r14 91h Energy Xm2+ H
2026-08-03 10:27 - INFO - Sku: 772845
2026-08-03 10:27 - INFO - Precio viejo: 560800
2026-08-03 10:27 - INFO - Precio nuevo:560960
2026-08-03 10:27 - INFO - https://articulo.mercadolibre.com.ar/MLA-1785855057-kit-2-neumaticos-michelin-19570r14-91h-energy-xm2-h-_JM
2026-08-03 10:27 - INFO - 

2026-08-03 10:27 - INFO - Kit 2 Neumáticos Bfgoodrich 235/60r14 96s Radial T/a Rwl
2026-08-03 10:27 - INFO - Sku: 117414
2026-08-03 10:27 - INFO - Precio viejo: 561927.36
2026-08-03 10:27 - INFO - Precio nuevo:1469926
2026-08-03 10:27 - INFO - Stock viejo: 0
2026-08-03 10:27 - INFO - Stock nuevo:2
2026-08-03 10:27 - INFO - https://articulo.mercadolibre.com.ar/MLA-743755836-kit-2-neumaticos-bfgoodrich-23560r14-96s-radial-ta-rwl-_JM
2026-08-03 10:27 - INFO - 

2026-08-03 10:27 - INFO - Kit 4 Neumáticos Bfgoodrich P235/60r14 96s Rad T/a Rwl 
2026-08-03 10:27 - INFO - Sku: 117414
2026-08-03 10:27 - INFO - Precio viejo: 2757808.1
2026-08-03 10:27 - INFO - Precio nuevo:2939852
2026-08-03 10:27 - INFO - https://articulo.mercadolibre.com.ar/MLA-743755833-kit-4-neumaticos-bfgoodrich-p23560r14-96s-rad-ta-rwl-_JM
2026-08-03 10:27 - INFO - 

2026-08-03 10:27 - INFO - Kit 2 Neumáticos Michelin 155r15 (5.60-15) 82t X Colección
2026-08-03 10:27 - INFO - Sku: 126616
2026-08-03 10:27 - INFO - Precio viejo: 285614.31
2026-08-03 10:27 - INFO - Precio nuevo:977550
2026-08-03 10:27 - INFO - Stock viejo: 0
2026-08-03 10:27 - INFO - Stock nuevo:1
2026-08-03 10:27 - INFO - https://articulo.mercadolibre.com.ar/MLA-743755873-kit-2-neumaticos-michelin-155r15-560-15-82t-x-coleccion-_JM
2026-08-03 10:27 - INFO - 

2026-08-03 10:27 - INFO - Kit 4 Neumáticos Michelin 165r15 86s Xzx Coleccion S
2026-08-03 10:27 - INFO - Sku: 028500
2026-08-03 10:27 - INFO - Precio viejo: 1804049.56
2026-08-03 10:27 - INFO - Precio nuevo:2029900
2026-08-03 10:27 - INFO - Stock viejo: 0
2026-08-03 10:27 - INFO - Stock nuevo:1
2026-08-03 10:27 - INFO - https://articulo.mercadolibre.com.ar/MLA-743755486-kit-4-neumaticos-michelin-165r15-86s-xzx-coleccion-s-_JM
2026-08-03 10:27 - INFO - 

2026-08-03 10:27 - INFO - Kit 2 Neumáticos Michelin 165sr15 86s Xzx Coleccion S
2026-08-03 10:27 - INFO - Sku: 028500
2026-08-03 10:27 - INFO - Precio viejo: 305528.87
2026-08-03 10:27 - INFO - Precio nuevo:1014950
2026-08-03 10:27 - INFO - Stock viejo: 0
2026-08-03 10:27 - INFO - Stock nuevo:2
2026-08-03 10:27 - INFO - https://articulo.mercadolibre.com.ar/MLA-743755470-kit-2-neumaticos-michelin-165sr15-86s-xzx-coleccion-s-_JM
2026-08-03 10:27 - INFO - 

2026-08-03 10:27 - INFO - Kit 2 Neumáticos Michelin 175/65r15 84h Energy Xm2+ H
2026-08-03 10:27 - INFO - Sku: 727156
2026-08-03 10:27 - INFO - Precio viejo: 554000
2026-08-03 10:27 - INFO - Precio nuevo:490252
2026-08-03 10:27 - INFO - https://articulo.mercadolibre.com.ar/MLA-826575321-kit-2-neumaticos-michelin-17565r15-84h-energy-xm2-h-_JM
2026-08-03 10:27 - INFO - 

2026-08-03 10:27 - INFO - Kit 4 Neumáticos Michelin 175/65r15 84h Energy Xm2+ H
2026-08-03 10:27 - INFO - Sku: 727156
2026-08-03 10:27 - INFO - Precio viejo: 1108000
2026-08-03 10:27 - INFO - Precio nuevo:1108400
2026-08-03 10:27 - INFO - https://articulo.mercadolibre.com.ar/MLA-826575320-kit-4-neumaticos-michelin-17565r15-84h-energy-xm2-h-_JM
2026-08-03 10:27 - INFO - 

2026-08-03 10:27 - INFO - Kit 4 Neumáticos Bfgoodrich 185/60r15 88h Advantage Touring
2026-08-03 10:27 - INFO - Sku: 291112
2026-08-03 10:27 - INFO - Precio viejo: 842000
2026-08-03 10:27 - INFO - Precio nuevo:795952
2026-08-03 10:27 - INFO - Stock viejo: 1
2026-08-03 10:27 - INFO - Stock nuevo:2
2026-08-03 10:27 - INFO - https://articulo.mercadolibre.com.ar/MLA-743761386-kit-4-neumaticos-bfgoodrich-18560r15-88h-advantage-touring-_JM
2026-08-03 10:27 - INFO - 

2026-08-03 10:27 - INFO - Kit 2 Neumáticos Bfgoodrich 185/60r15 88h Advantage Touring H
2026-08-03 10:27 - INFO - Sku: 291112
2026-08-03 10:27 - INFO - Precio viejo: 421000
2026-08-03 10:27 - INFO - Precio nuevo:397976
2026-08-03 10:27 - INFO - Stock viejo: 2
2026-08-03 10:27 - INFO - Stock nuevo:5
2026-08-03 10:27 - INFO - https://articulo.mercadolibre.com.ar/MLA-743728867-kit-2-neumaticos-bfgoodrich-18560r15-88h-advantage-touring-h-_JM
2026-08-03 10:27 - INFO - 

2026-08-03 10:27 - INFO - Neumático Bfgoodrich 185/60r15 88h Advantage Touring H
2026-08-03 10:27 - INFO - Sku: 291112
2026-08-03 10:27 - INFO - Precio viejo: 244079.77
2026-08-03 10:27 - INFO - Precio nuevo:198988
2026-08-03 10:27 - INFO - Stock viejo: 0
2026-08-03 10:27 - INFO - Stock nuevo:11
2026-08-03 10:27 - INFO - https://articulo.mercadolibre.com.ar/MLA-1681469423-neumatico-bfgoodrich-18560r15-88h-advantage-touring-h-_JM
2026-08-03 10:27 - INFO - 

2026-08-03 10:27 - INFO - Kit X2 Neumáticos Michelin 185/60r15 88h Primacy 4
2026-08-03 10:27 - INFO - Sku: 494228
2026-08-03 10:27 - INFO - Stock viejo: 2
2026-08-03 10:27 - INFO - Stock nuevo:0
2026-08-03 10:27 - INFO - https://articulo.mercadolibre.com.ar/MLA-670355105-kit-x2-neumaticos-michelin-18560r15-88h-primacy-4-_JM 

2026-08-03 10:27 - INFO - Kit 4 Neumáticos Michelin 185/60r15 88h Primacy 4 H
2026-08-03 10:27 - INFO - Sku: 494228
2026-08-03 10:27 - INFO - Stock viejo: 1
2026-08-03 10:27 - INFO - Stock nuevo:0
2026-08-03 10:27 - INFO - https://articulo.mercadolibre.com.ar/MLA-781691110-kit-4-neumaticos-michelin-18560r15-88h-primacy-4-h-_JM 

2026-08-03 10:27 - INFO - Neumático Michelin 185/60r15 88h Primacy 4 H
2026-08-03 10:27 - INFO - Sku: 494228
2026-08-03 10:27 - INFO - Precio viejo: 235900
2026-08-03 10:27 - INFO - Precio nuevo:240710
2026-08-03 10:27 - INFO - Stock viejo: 0
2026-08-03 10:27 - INFO - Stock nuevo:1
2026-08-03 10:27 - INFO - https://articulo.mercadolibre.com.ar/MLA-781691084-neumatico-michelin-18560r15-88h-primacy-4-h-_JM
2026-08-03 10:27 - INFO - 

2026-08-03 10:27 - INFO - Kit 2 Neumáticos Bfgoodrich 185/65r15 88h Advantage Touring
2026-08-03 10:27 - INFO - Sku: 832957
2026-08-03 10:27 - INFO - Precio viejo: 446600
2026-08-03 10:27 - INFO - Precio nuevo:446654
2026-08-03 10:27 - INFO - Stock viejo: 2
2026-08-03 10:27 - INFO - Stock nuevo:3
2026-08-03 10:27 - INFO - https://articulo.mercadolibre.com.ar/MLA-743727961-kit-2-neumaticos-bfgoodrich-18565r15-88h-advantage-touring-_JM
2026-08-03 10:27 - INFO - 

2026-08-03 10:27 - INFO - Kit 4 Neumáticos Bfgoodrich 185/65r15 88h Advantage Touring
2026-08-03 10:27 - INFO - Sku: 832957
2026-08-03 10:27 - INFO - Precio viejo: 893200
2026-08-03 10:27 - INFO - Precio nuevo:893308
2026-08-03 10:27 - INFO - Stock viejo: 2
2026-08-03 10:27 - INFO - Stock nuevo:1
2026-08-03 10:27 - INFO - https://articulo.mercadolibre.com.ar/MLA-743727966-kit-4-neumaticos-bfgoodrich-18565r15-88h-advantage-touring-_JM
2026-08-03 10:27 - INFO - 

2026-08-03 10:27 - INFO - Kit De 4 Neumáticos Michelin Energy Xm2+ P 185/65r15 88 H
2026-08-03 10:27 - INFO - Sku: 176638
2026-08-03 10:27 - INFO - Stock viejo: 1
2026-08-03 10:27 - INFO - Stock nuevo:0
2026-08-03 10:27 - INFO - https://articulo.mercadolibre.com.ar/MLA-1471512213-kit-de-4-neumaticos-michelin-energy-xm2-p-18565r15-88-h-_JM 

2026-08-03 10:27 - INFO - Kit 2 Neumáticos Michelin 185/65r15 88h Energy Xm2+ H
2026-08-03 10:27 - INFO - Sku: 176638
2026-08-03 10:27 - INFO - Precio viejo: 178814.34
2026-08-03 10:27 - INFO - Precio nuevo:480882
2026-08-03 10:27 - INFO - Stock viejo: 0
2026-08-03 10:27 - INFO - Stock nuevo:1
2026-08-03 10:27 - INFO - https://articulo.mercadolibre.com.ar/MLA-814995883-kit-2-neumaticos-michelin-18565r15-88h-energy-xm2-h-_JM
2026-08-03 10:27 - INFO - 

2026-08-03 10:27 - INFO - Kit 2 Neumáticos Michelin 185/65r15 88h Energy Xm2+ H
2026-08-03 10:27 - INFO - Sku: 176638
2026-08-03 10:27 - INFO - Precio viejo: 228882.37
2026-08-03 10:27 - INFO - Precio nuevo:543604
2026-08-03 10:27 - INFO - Stock viejo: 0
2026-08-03 10:27 - INFO - Stock nuevo:1
2026-08-03 10:27 - INFO - https://articulo.mercadolibre.com.ar/MLA-814996807-kit-2-neumaticos-michelin-18565r15-88h-energy-xm2-h-_JM
2026-08-03 10:27 - INFO - 

2026-08-03 10:27 - INFO - Kit 2 Neumáticos Michelin 195/50r15 82v Pilot Sport 3 
2026-08-03 10:27 - INFO - Sku: 919698
2026-08-03 10:27 - INFO - Precio viejo: 276757.69
2026-08-03 10:27 - INFO - Precio nuevo:797744
2026-08-03 10:27 - INFO - Stock viejo: 0
2026-08-03 10:27 - INFO - Stock nuevo:2
2026-08-03 10:27 - INFO - https://articulo.mercadolibre.com.ar/MLA-743763283-kit-2-neumaticos-michelin-19550r15-82v-pilot-sport-3-_JM
2026-08-03 10:27 - INFO - 

2026-08-03 10:27 - INFO - Kit 4 Neumáticos Michelin 195/50r15 82v Pilot Sport 3
2026-08-03 10:27 - INFO - Sku: 919698
2026-08-03 10:27 - INFO - Precio viejo: 1595600
2026-08-03 10:27 - INFO - Precio nuevo:1595488
2026-08-03 10:27 - INFO - https://articulo.mercadolibre.com.ar/MLA-743730615-kit-4-neumaticos-michelin-19550r15-82v-pilot-sport-3-_JM
2026-08-03 10:27 - INFO - 

2026-08-03 10:27 - INFO - Kit 2 Neumáticos Bfgoodrich 195/55r15 89v Advantage Touring
2026-08-03 10:27 - INFO - Sku: 812279
2026-08-03 10:27 - INFO - Precio viejo: 459000
2026-08-03 10:27 - INFO - Precio nuevo:458958
2026-08-03 10:27 - INFO - https://articulo.mercadolibre.com.ar/MLA-743728195-kit-2-neumaticos-bfgoodrich-19555r15-89v-advantage-touring-_JM
2026-08-03 10:27 - INFO - 

2026-08-03 10:27 - INFO - Kit 4 Neumáticos Bfgoodrich 195/55r15 89v Advantage Touring
2026-08-03 10:27 - INFO - Sku: 812279
2026-08-03 10:27 - INFO - Precio viejo: 918000
2026-08-03 10:27 - INFO - Precio nuevo:917916
2026-08-03 10:27 - INFO - https://articulo.mercadolibre.com.ar/MLA-743728208-kit-4-neumaticos-bfgoodrich-19555r15-89v-advantage-touring-_JM
2026-08-03 10:27 - INFO - 

2026-08-03 10:27 - INFO - Kit 2 Neumáticos Michelin 195/55r15 85v Energy Xm2 V
2026-08-03 10:27 - INFO - Sku: 112506
2026-08-03 10:27 - INFO - Precio viejo: 545800
2026-08-03 10:27 - INFO - Precio nuevo:545828
2026-08-03 10:27 - INFO - https://articulo.mercadolibre.com.ar/MLA-680278218-kit-2-neumaticos-michelin-19555r15-85v-energy-xm2-v-_JM
2026-08-03 10:27 - INFO - 

2026-08-03 10:27 - INFO - Kit X4 Neumático Michelin 195/55r15 85v Energy Xm2+ V
2026-08-03 10:27 - INFO - Sku: 112506
2026-08-03 10:27 - INFO - Precio viejo: 1091600
2026-08-03 10:27 - INFO - Precio nuevo:1091656
2026-08-03 10:27 - INFO - Stock viejo: 2
2026-08-03 10:27 - INFO - Stock nuevo:1
2026-08-03 10:27 - INFO - https://articulo.mercadolibre.com.ar/MLA-669604105-kit-x4-neumatico-michelin-19555r15-85v-energy-xm2-v-_JM
2026-08-03 10:27 - INFO - 

2026-08-03 10:27 - INFO - Kit 2 Neumáticos Bfgoodrich 195/60r15 88h Advantage Touring H
2026-08-03 10:27 - INFO - Sku: 333672
2026-08-03 10:27 - INFO - Precio viejo: 462800
2026-08-03 10:27 - INFO - Precio nuevo:485908
2026-08-03 10:27 - INFO - Stock viejo: 2
2026-08-03 10:27 - INFO - Stock nuevo:4
2026-08-03 10:27 - INFO - https://articulo.mercadolibre.com.ar/MLA-743727742-kit-2-neumaticos-bfgoodrich-19560r15-88h-advantage-touring-h-_JM
2026-08-03 10:27 - INFO - 

2026-08-03 10:27 - INFO - Kit 4 Neumáticos Bfgoodrich 195/60r15 88h Touring Advantage H
2026-08-03 10:27 - INFO - Sku: 333672
2026-08-03 10:27 - INFO - Precio viejo: 925600
2026-08-03 10:27 - INFO - Precio nuevo:971816
2026-08-03 10:27 - INFO - Stock viejo: 1
2026-08-03 10:27 - INFO - Stock nuevo:2
2026-08-03 10:27 - INFO - https://articulo.mercadolibre.com.ar/MLA-743727762-kit-4-neumaticos-bfgoodrich-19560r15-88h-touring-advantage-h-_JM
2026-08-03 10:27 - INFO - 

2026-08-03 10:27 - INFO - Kit 4 Neumáticos Michelin 195/60r15 88v Energy Xm2+ H
2026-08-03 10:27 - INFO - Sku: 003718
2026-08-03 10:27 - INFO - Precio viejo: 1172400
2026-08-03 10:27 - INFO - Precio nuevo:1195856
2026-08-03 10:27 - INFO - Stock viejo: 2
2026-08-03 10:27 - INFO - Stock nuevo:1
2026-08-03 10:27 - INFO - https://articulo.mercadolibre.com.ar/MLA-680278583-kit-4-neumaticos-michelin-19560r15-88v-energy-xm2-h-_JM
2026-08-03 10:27 - INFO - 

2026-08-03 10:27 - INFO - Kit 2 Neumáticos Michelin 195/60r15 88v  Energy Xm2+ V
2026-08-03 10:27 - INFO - Sku: 003718
2026-08-03 10:27 - INFO - Precio viejo: 620574.59
2026-08-03 10:27 - INFO - Precio nuevo:597928
2026-08-03 10:27 - INFO - Stock viejo: 0
2026-08-03 10:27 - INFO - Stock nuevo:2
2026-08-03 10:27 - INFO - https://articulo.mercadolibre.com.ar/MLA-839133421-kit-2-neumaticos-michelin-19560r15-88v-energy-xm2-v-_JM
2026-08-03 10:27 - INFO - 

2026-08-03 10:27 - INFO - Kit 4 Neumáticos Bfgoodrich 195/65r15 91h Advantage Touring H
2026-08-03 10:27 - INFO - Sku: 678104
2026-08-03 10:27 - INFO - Precio viejo: 1005200
2026-08-03 10:27 - INFO - Precio nuevo:1005364
2026-08-03 10:27 - INFO - https://articulo.mercadolibre.com.ar/MLA-839134759-kit-4-neumaticos-bfgoodrich-19565r15-91h-advantage-touring-h-_JM
2026-08-03 10:27 - INFO - 

2026-08-03 10:27 - INFO - Kit 2 Neumáticos Bfgoodrich 195/65r15 91h Advantage Touring H
2026-08-03 10:27 - INFO - Sku: 678104
2026-08-03 10:27 - INFO - Precio viejo: 502600
2026-08-03 10:27 - INFO - Precio nuevo:502682
2026-08-03 10:27 - INFO - Stock viejo: 2
2026-08-03 10:27 - INFO - Stock nuevo:3
2026-08-03 10:27 - INFO - https://articulo.mercadolibre.com.ar/MLA-839134757-kit-2-neumaticos-bfgoodrich-19565r15-91h-advantage-touring-h-_JM
2026-08-03 10:27 - INFO - 

2026-08-03 10:27 - INFO - Kit 4 Neumáticos Michelin 195/65r15 91h Primacy 4 H
2026-08-03 10:27 - INFO - Sku: 956602
2026-08-03 10:27 - INFO - Precio viejo: 1270400
2026-08-03 10:27 - INFO - Precio nuevo:1270212
2026-08-03 10:27 - INFO - Stock viejo: 2
2026-08-03 10:27 - INFO - Stock nuevo:1
2026-08-03 10:27 - INFO - https://articulo.mercadolibre.com.ar/MLA-743729517-kit-4-neumaticos-michelin-19565r15-91h-primacy-4-h-_JM
2026-08-03 10:27 - INFO - 

2026-08-03 10:27 - INFO - Kit 2 Neumáticos Michelin 195/65r15 91h Primacy 4 H
2026-08-03 10:27 - INFO - Sku: 956602
2026-08-03 10:27 - INFO - Precio viejo: 635200
2026-08-03 10:27 - INFO - Precio nuevo:635106
2026-08-03 10:27 - INFO - Stock viejo: 2
2026-08-03 10:27 - INFO - Stock nuevo:3
2026-08-03 10:27 - INFO - https://articulo.mercadolibre.com.ar/MLA-839133363-kit-2-neumaticos-michelin-19565r15-91h-primacy-4-h-_JM
2026-08-03 10:27 - INFO - 

2026-08-03 10:27 - INFO - Neumatico Michelin 195/65r15 91h Primacy 4  H
2026-08-03 10:27 - INFO - Sku: 956602
2026-08-03 10:27 - INFO - Precio viejo: 324807.36
2026-08-03 10:27 - INFO - Precio nuevo:317553
2026-08-03 10:27 - INFO - Stock viejo: 0
2026-08-03 10:27 - INFO - Stock nuevo:7
2026-08-03 10:27 - INFO - https://articulo.mercadolibre.com.ar/MLA-839133360-neumatico-michelin-19565r15-91h-primacy-4-h-_JM
2026-08-03 10:27 - INFO - 

2026-08-03 10:27 - INFO - Kit 2 Neumáticos Michelin 195/70r15c 104r Agilis 3 R
2026-08-03 10:27 - INFO - Sku: 706719
2026-08-03 10:27 - INFO - Precio viejo: 860600
2026-08-03 10:27 - INFO - Precio nuevo:860570
2026-08-03 10:27 - INFO - https://articulo.mercadolibre.com.ar/MLA-670355810-kit-2-neumaticos-michelin-19570r15c-104r-agilis-3-r-_JM
2026-08-03 10:27 - INFO - 

2026-08-03 10:27 - INFO - Kit 2 Neumáticos Michelin 195/80r15c (195r15c) 106s Agilis 3 R
2026-08-03 10:27 - INFO - Sku: 711389
2026-08-03 10:27 - INFO - Precio viejo: 878400
2026-08-03 10:27 - INFO - Precio nuevo:878416
2026-08-03 10:27 - INFO - https://articulo.mercadolibre.com.ar/MLA-682846760-kit-2-neumaticos-michelin-19580r15c-195r15c-106s-agilis-3-r-_JM
2026-08-03 10:27 - INFO - 

2026-08-03 10:27 - INFO - Kit 4 Neumáticos Michelin 205/60r15 91v Energy Xm2+ V
2026-08-03 10:27 - INFO - Sku: 983314
2026-08-03 10:27 - INFO - Precio viejo: 1351949.91
2026-08-03 10:27 - INFO - Precio nuevo:1286284
2026-08-03 10:27 - INFO - Stock viejo: 0
2026-08-03 10:27 - INFO - Stock nuevo:1
2026-08-03 10:27 - INFO - https://articulo.mercadolibre.com.ar/MLA-826575345-kit-4-neumaticos-michelin-20560r15-91v-energy-xm2-v-_JM
2026-08-03 10:27 - INFO - 

2026-08-03 10:27 - INFO - Kit 4 Neumáticos Michelin 205/60r15 91v Energy Xm2+ V
2026-08-03 10:27 - INFO - Sku: 983314
2026-08-03 10:27 - INFO - Precio viejo: 1454000
2026-08-03 10:27 - INFO - Precio nuevo:1454060
2026-08-03 10:27 - INFO - https://articulo.mercadolibre.com.ar/MLA-743730207-kit-4-neumaticos-michelin-20560r15-91v-energy-xm2-v-_JM
2026-08-03 10:27 - INFO - 

2026-08-03 10:27 - INFO - Kit 2 Neumáticos Michelin 205/60r15 91v Energy Xm2+ V
2026-08-03 10:27 - INFO - Sku: 983314
2026-08-03 10:27 - INFO - Precio viejo: 727000
2026-08-03 10:27 - INFO - Precio nuevo:727030
2026-08-03 10:27 - INFO - Stock viejo: 2
2026-08-03 10:27 - INFO - Stock nuevo:3
2026-08-03 10:27 - INFO - https://articulo.mercadolibre.com.ar/MLA-826575338-kit-2-neumaticos-michelin-20560r15-91v-energy-xm2-v-_JM
2026-08-03 10:27 - INFO - 

2026-08-03 10:27 - INFO - Kit 2 Neumático Bfgoodrich 205/65r15 99h Advantage Touring
2026-08-03 10:27 - INFO - Sku: 440348
2026-08-03 10:27 - INFO - Precio viejo: 518800
2026-08-03 10:27 - INFO - Precio nuevo:544900
2026-08-03 10:27 - INFO - https://articulo.mercadolibre.com.ar/MLA-1674244537-kit-2-neumatico-bfgoodrich-20565r15-99h-advantage-touring-_JM
2026-08-03 10:27 - INFO - 

2026-08-03 10:27 - INFO - Kit 4 Neumáticos Bfgoodrich 205/65r15 99h Advantage Touring
2026-08-03 10:27 - INFO - Sku: 440348
2026-08-03 10:27 - INFO - Precio viejo: 1037600
2026-08-03 10:27 - INFO - Precio nuevo:1089800
2026-08-03 10:27 - INFO - https://articulo.mercadolibre.com.ar/MLA-1674543423-kit-4-neumaticos-bfgoodrich-20565r15-99h-advantage-touring-_JM
2026-08-03 10:27 - INFO - 

2026-08-03 10:27 - INFO - Kit 4 Neumáticos Bfgoodrich 215/75r15 100s At T/a Ko3 Rwl S
2026-08-03 10:27 - INFO - Sku: 463996
2026-08-03 10:27 - INFO - Precio viejo: 2432000
2026-08-03 10:27 - INFO - Precio nuevo:2432252
2026-08-03 10:27 - INFO - https://articulo.mercadolibre.com.ar/MLA-1774631465-kit-4-neumaticos-bfgoodrich-21575r15-100s-at-ta-ko3-rwl-s-_JM
2026-08-03 10:27 - INFO - 

2026-08-03 10:27 - INFO - Kit 4 Neumáticos Bfgoodrich 235/75r15 110s At T/a Ko3 S
2026-08-03 10:27 - INFO - Sku: 472179
2026-08-03 10:27 - INFO - Precio viejo: 2809200
2026-08-03 10:27 - INFO - Precio nuevo:2809156
2026-08-03 10:27 - INFO - https://articulo.mercadolibre.com.ar/MLA-1829725857-kit-4-neumaticos-bfgoodrich-23575r15-110s-at-ta-ko3-s-_JM
2026-08-03 10:27 - INFO - 

2026-08-03 10:27 - INFO - Kit 4 Neumáticos Bfgoodrich 235/75r15 109t Advantage Touring T
2026-08-03 10:27 - INFO - Sku: 304096
2026-08-03 10:27 - INFO - Stock viejo: 1
2026-08-03 10:27 - INFO - Stock nuevo:0
2026-08-03 10:27 - INFO - https://articulo.mercadolibre.com.ar/MLA-3192926154-kit-4-neumaticos-bfgoodrich-23575r15-109t-advantage-touring-t-_JM 

2026-08-03 10:27 - INFO - Kit 2 Neumáticos Bfgoodrich 255/60r15 102s Rad T/a Rwl 
2026-08-03 10:27 - INFO - Sku: 117424
2026-08-03 10:27 - INFO - Precio viejo: 1518187.3
2026-08-03 10:27 - INFO - Precio nuevo:1621816
2026-08-03 10:27 - INFO - Stock viejo: 4
2026-08-03 10:27 - INFO - Stock nuevo:1
2026-08-03 10:27 - INFO - https://articulo.mercadolibre.com.ar/MLA-743755845-kit-2-neumaticos-bfgoodrich-25560r15-102s-rad-ta-rwl-_JM
2026-08-03 10:27 - INFO - 

2026-08-03 10:27 - INFO - Kit 2 Neumáticos Bfgoodrich 275/60r15 107s Rad T/a Rwl 
2026-08-03 10:27 - INFO - Sku: 117425
2026-08-03 10:27 - INFO - Precio viejo: 1439548.49
2026-08-03 10:27 - INFO - Precio nuevo:1754410
2026-08-03 10:27 - INFO - Stock viejo: 0
2026-08-03 10:27 - INFO - Stock nuevo:1
2026-08-03 10:27 - INFO - https://articulo.mercadolibre.com.ar/MLA-743755857-kit-2-neumaticos-bfgoodrich-27560r15-107s-rad-ta-rwl-_JM
2026-08-03 10:27 - INFO - 

2026-08-03 10:27 - INFO - Kit 2 Neumáticos Bfgoodrich 295/50r15 105s Radial T/a Rwl S
2026-08-03 10:27 - INFO - Sku: 117005
2026-08-03 10:27 - INFO - Precio viejo: 1550501.0
2026-08-03 10:27 - INFO - Precio nuevo:1482880
2026-08-03 10:27 - INFO - Stock viejo: 0
2026-08-03 10:27 - INFO - Stock nuevo:1
2026-08-03 10:27 - INFO - https://articulo.mercadolibre.com.ar/MLA-839133804-kit-2-neumaticos-bfgoodrich-29550r15-105s-radial-ta-rwl-s-_JM
2026-08-03 10:27 - INFO - 

2026-08-03 10:27 - INFO - Kit X2 Neumáticos Bfgoodrich 295/50r15 105s Radial T/a Rwl S
2026-08-03 10:27 - INFO - Sku: 117005
2026-08-03 10:27 - INFO - Precio viejo: 1676400
2026-08-03 10:27 - INFO - Precio nuevo:1676298
2026-08-03 10:27 - INFO - https://articulo.mercadolibre.com.ar/MLA-839133872-kit-x2-neumaticos-bfgoodrich-29550r15-105s-radial-ta-rwl-s-_JM
2026-08-03 10:27 - INFO - 

2026-08-03 10:27 - INFO - Kit 4 Neumáticos Bfgoodrich 31x10.50r15 At T/a Ko3 Rwl R
2026-08-03 10:27 - INFO - Sku: 438732
2026-08-03 10:27 - INFO - Precio viejo: 2892484
2026-08-03 10:27 - INFO - Precio nuevo:2892480
2026-08-03 10:27 - INFO - Stock viejo: 1
2026-08-03 10:27 - INFO - Stock nuevo:2
2026-08-03 10:27 - INFO - https://articulo.mercadolibre.com.ar/MLA-1708315281-kit-4-neumaticos-bfgoodrich-31x1050r15-at-ta-ko3-rwl-r-_JM
2026-08-03 10:27 - INFO - 

2026-08-03 10:27 - INFO - Kit 2 Neumáticos Michelin 185/55r16 83v Energy Xm2+ V
2026-08-03 10:27 - INFO - Sku: 890588
2026-08-03 10:27 - INFO - Precio viejo: 872000
2026-08-03 10:27 - INFO - Precio nuevo:898198
2026-08-03 10:27 - INFO - https://articulo.mercadolibre.com.ar/MLA-826575352-kit-2-neumaticos-michelin-18555r16-83v-energy-xm2-v-_JM
2026-08-03 10:27 - INFO - 

2026-08-03 10:27 - INFO - Kit 4 Neumáticos Michelin 185/55r16 83v  Energy Xm2+ V
2026-08-03 10:27 - INFO - Sku: 890588
2026-08-03 10:27 - INFO - Precio viejo: 1744000
2026-08-03 10:27 - INFO - Precio nuevo:1796396
2026-08-03 10:27 - INFO - https://articulo.mercadolibre.com.ar/MLA-826575366-kit-4-neumaticos-michelin-18555r16-83v-energy-xm2-v-_JM
2026-08-03 10:27 - INFO - 

2026-08-03 10:27 - INFO - Neumatico Michelin 185/55r16 83v Energy Xm2+    V
2026-08-03 10:27 - INFO - Sku: 890588
2026-08-03 10:27 - INFO - Precio viejo: 436000
2026-08-03 10:27 - INFO - Precio nuevo:449099
2026-08-03 10:27 - INFO - Stock viejo: 4
2026-08-03 10:27 - INFO - Stock nuevo:5
2026-08-03 10:27 - INFO - https://articulo.mercadolibre.com.ar/MLA-826575339-neumatico-michelin-18555r16-83v-energy-xm2-v-_JM
2026-08-03 10:27 - INFO - 

2026-08-03 10:27 - INFO - Kit 2 Neumáticos Michelin 195/45r16 84v Pilot Sport 3
2026-08-03 10:27 - INFO - Sku: 711752
2026-08-03 10:27 - INFO - Precio viejo: 876800
2026-08-03 10:27 - INFO - Precio nuevo:903030
2026-08-03 10:27 - INFO - https://articulo.mercadolibre.com.ar/MLA-743762713-kit-2-neumaticos-michelin-19545r16-84v-pilot-sport-3-_JM
2026-08-03 10:27 - INFO - 

2026-08-03 10:27 - INFO - Kit 4 Neumáticos Michelin 195/45r16 84v Pilot Sport 3
2026-08-03 10:27 - INFO - Sku: 711752
2026-08-03 10:27 - INFO - Precio viejo: 1753600
2026-08-03 10:27 - INFO - Precio nuevo:1806060
2026-08-03 10:27 - INFO - https://articulo.mercadolibre.com.ar/MLA-743729948-kit-4-neumaticos-michelin-19545r16-84v-pilot-sport-3-_JM
2026-08-03 10:27 - INFO - 

2026-08-03 10:27 - INFO - Kit 2 Neumáticos Bfgoodrich 195/50r16 88v Advantage Touring
2026-08-03 10:27 - INFO - Sku: 184336
2026-08-03 10:27 - INFO - Precio viejo: 474600
2026-08-03 10:27 - INFO - Precio nuevo:498368
2026-08-03 10:27 - INFO - Stock viejo: 2
2026-08-03 10:27 - INFO - Stock nuevo:4
2026-08-03 10:27 - INFO - https://articulo.mercadolibre.com.ar/MLA-743755869-kit-2-neumaticos-bfgoodrich-19550r16-88v-advantage-touring-_JM
2026-08-03 10:27 - INFO - 

2026-08-03 10:27 - INFO - Kit 4 Neumáticos Bfgoodrich 195/50r16 88v Advantage Touring
2026-08-03 10:27 - INFO - Sku: 184336
2026-08-03 10:27 - INFO - Precio viejo: 949200
2026-08-03 10:27 - INFO - Precio nuevo:996736
2026-08-03 10:27 - INFO - Stock viejo: 1
2026-08-03 10:27 - INFO - Stock nuevo:2
2026-08-03 10:27 - INFO - https://articulo.mercadolibre.com.ar/MLA-743728033-kit-4-neumaticos-bfgoodrich-19550r16-88v-advantage-touring-_JM
2026-08-03 10:27 - INFO - 

2026-08-03 10:27 - INFO - Kit 4 Neumáticos Michelin 195/50r16 88v Primacy 4+
2026-08-03 10:27 - INFO - Sku: 860554
2026-08-03 10:27 - INFO - Precio viejo: 1742400
2026-08-03 10:27 - INFO - Precio nuevo:1464408
2026-08-03 10:27 - INFO - https://articulo.mercadolibre.com.ar/MLA-743755892-kit-4-neumaticos-michelin-19550r16-88v-primacy-4-_JM
2026-08-03 10:27 - INFO - 

2026-08-03 10:27 - INFO - Kit 2 Neumáticos Michelin 195/50r16 88v Primacy 4+ V
2026-08-03 10:27 - INFO - Sku: 860554
2026-08-03 10:27 - INFO - Precio viejo: 871200
2026-08-03 10:27 - INFO - Precio nuevo:732204
2026-08-03 10:27 - INFO - https://articulo.mercadolibre.com.ar/MLA-826575371-kit-2-neumaticos-michelin-19550r16-88v-primacy-4-v-_JM
2026-08-03 10:27 - INFO - 

2026-08-03 10:27 - INFO - Kit 2 Neumáticos Bfgoodrich 195/55r16 87v Advantage Touring V
2026-08-03 10:27 - INFO - Sku: 855281
2026-08-03 10:27 - INFO - Precio viejo: 478400
2026-08-03 10:27 - INFO - Precio nuevo:502184
2026-08-03 10:27 - INFO - Stock viejo: 2
2026-08-03 10:27 - INFO - Stock nuevo:1
2026-08-03 10:27 - INFO - https://articulo.mercadolibre.com.ar/MLA-743727220-kit-2-neumaticos-bfgoodrich-19555r16-87v-advantage-touring-v-_JM
2026-08-03 10:27 - INFO - 

2026-08-03 10:27 - INFO - Kit 4 Neumáticos Michelin 195/60r16 89h Energy Xm2+ H
2026-08-03 10:27 - INFO - Sku: 308917
2026-08-03 10:27 - INFO - Precio viejo: 1635600
2026-08-03 10:27 - INFO - Precio nuevo:1718400
2026-08-03 10:27 - INFO - https://articulo.mercadolibre.com.ar/MLA-743730586-kit-4-neumaticos-michelin-19560r16-89h-energy-xm2-h-_JM
2026-08-03 10:27 - INFO - 

2026-08-03 10:27 - INFO - Kit 2 Neumáticos Michelin 195/60r16 89h Energy Xm2+ H
2026-08-03 10:27 - INFO - Sku: 308917
2026-08-03 10:27 - INFO - Precio viejo: 817800
2026-08-03 10:27 - INFO - Precio nuevo:859200
2026-08-03 10:27 - INFO - https://articulo.mercadolibre.com.ar/MLA-743730583-kit-2-neumaticos-michelin-19560r16-89h-energy-xm2-h-_JM
2026-08-03 10:27 - INFO - 

2026-08-03 10:27 - INFO - Kit 4 Neumáticos Michelin 195/65r16c 104r Agilis 3
2026-08-03 10:27 - INFO - Sku: 235329
2026-08-03 10:27 - INFO - Precio viejo: 1999200
2026-08-03 10:27 - INFO - Precio nuevo:2059220
2026-08-03 10:27 - INFO - https://articulo.mercadolibre.com.ar/MLA-743761778-kit-4-neumaticos-michelin-19565r16c-104r-agilis-3-_JM
2026-08-03 10:27 - INFO - 

2026-08-03 10:27 - INFO - Kit 2 Neumáticos Michelin 195/65r16c 104r Agilis 3
2026-08-03 10:27 - INFO - Sku: 235329
2026-08-03 10:27 - INFO - Precio viejo: 999600
2026-08-03 10:27 - INFO - Precio nuevo:1029610
2026-08-03 10:27 - INFO - https://articulo.mercadolibre.com.ar/MLA-743729140-kit-2-neumaticos-michelin-19565r16c-104r-agilis-3-_JM
2026-08-03 10:27 - INFO - 

2026-08-03 10:27 - INFO - Kit 4 Neumáticos Michelin 195/75r16c 107r Agilis 3 R
2026-08-03 10:27 - INFO - Sku: 928949
2026-08-03 10:27 - INFO - Precio viejo: 1805200
2026-08-03 10:27 - INFO - Precio nuevo:1859364
2026-08-03 10:27 - INFO - https://articulo.mercadolibre.com.ar/MLA-680278765-kit-4-neumaticos-michelin-19575r16c-107r-agilis-3-r-_JM
2026-08-03 10:27 - INFO - 

2026-08-03 10:27 - INFO - Kit 2 Neumáticos Michelin 195/75r16c 107r Agilis 3 R
2026-08-03 10:27 - INFO - Sku: 928949
2026-08-03 10:27 - INFO - Precio viejo: 902600
2026-08-03 10:27 - INFO - Precio nuevo:929682
2026-08-03 10:27 - INFO - https://articulo.mercadolibre.com.ar/MLA-814996830-kit-2-neumaticos-michelin-19575r16c-107r-agilis-3-r-_JM
2026-08-03 10:27 - INFO - 

2026-08-03 10:27 - INFO - Kit 4 Neumáticos Bfgoodrich 205/55r16 94v Advantage Touring
2026-08-03 10:27 - INFO - Sku: 414273
2026-08-03 10:27 - INFO - Precio viejo: 860000
2026-08-03 10:27 - INFO - Precio nuevo:903432
2026-08-03 10:27 - INFO - Stock viejo: 1
2026-08-03 10:27 - INFO - Stock nuevo:2
2026-08-03 10:27 - INFO - https://articulo.mercadolibre.com.ar/MLA-743729326-kit-4-neumaticos-bfgoodrich-20555r16-94v-advantage-touring-_JM
2026-08-03 10:27 - INFO - 

2026-08-03 10:27 - INFO - Kit 2 Neumáticos Bfgoodrich 205/55r16 91v Advantage Touring V
2026-08-03 10:27 - INFO - Sku: 414273
2026-08-03 10:27 - INFO - Precio viejo: 430000
2026-08-03 10:27 - INFO - Precio nuevo:451716
2026-08-03 10:27 - INFO - Stock viejo: 2
2026-08-03 10:27 - INFO - Stock nuevo:5
2026-08-03 10:27 - INFO - https://articulo.mercadolibre.com.ar/MLA-826575554-kit-2-neumaticos-bfgoodrich-20555r16-91v-advantage-touring-v-_JM
2026-08-03 10:27 - INFO - 

2026-08-03 10:27 - INFO - Kit 2 Neu.michelin 205/55r16 91v Primacy 3 Zp Run Flat V
2026-08-03 10:27 - INFO - Sku: 325838
2026-08-03 10:27 - INFO - Precio viejo: 1673727.35
2026-08-03 10:27 - INFO - Precio nuevo:1192184
2026-08-03 10:27 - INFO - Stock viejo: 4
2026-08-03 10:27 - INFO - Stock nuevo:2
2026-08-03 10:27 - INFO - https://articulo.mercadolibre.com.ar/MLA-680278309-kit-2-neumichelin-20555r16-91v-primacy-3-zp-run-flat-v-_JM
2026-08-03 10:27 - INFO - 

2026-08-03 10:27 - INFO - Kit 4 Neumáticos Michelin 205/55r16 91v Primacy 3 Zp Runflat V
2026-08-03 10:27 - INFO - Sku: 325838
2026-08-03 10:27 - INFO - Precio viejo: 2420752.74
2026-08-03 10:27 - INFO - Precio nuevo:2384368
2026-08-03 10:27 - INFO - Stock viejo: 0
2026-08-03 10:27 - INFO - Stock nuevo:1
2026-08-03 10:27 - INFO - https://articulo.mercadolibre.com.ar/MLA-680278679-kit-4-neumaticos-michelin-20555r16-91v-primacy-3-zp-runflat-v-_JM
2026-08-03 10:27 - INFO - 

2026-08-03 10:27 - INFO - Kit 2 Neumáticos Michelin 205/55r16 94v Primacy 5 V
2026-08-03 10:27 - INFO - Sku: 558009
2026-08-03 10:27 - INFO - Precio viejo: 634000
2026-08-03 10:27 - INFO - Precio nuevo:633986
2026-08-03 10:27 - INFO - Stock viejo: 4
2026-08-03 10:27 - INFO - Stock nuevo:21
2026-08-03 10:27 - INFO - https://articulo.mercadolibre.com.ar/MLA-1730652473-kit-2-neumaticos-michelin-20555r16-94v-primacy-5-v-_JM
2026-08-03 10:27 - INFO - 

2026-08-03 10:27 - INFO - Neumático Michelin 205/55r16 94v Primacy 5 V
2026-08-03 10:27 - INFO - Sku: 558009
2026-08-03 10:27 - INFO - Precio viejo: 317000
2026-08-03 10:27 - INFO - Precio nuevo:316993
2026-08-03 10:27 - INFO - Stock viejo: 8
2026-08-03 10:27 - INFO - Stock nuevo:43
2026-08-03 10:27 - INFO - https://articulo.mercadolibre.com.ar/MLA-3130954388-neumatico-michelin-20555r16-94v-primacy-5-v-_JM
2026-08-03 10:27 - INFO - 

2026-08-03 10:27 - INFO - Kit 4 Neumáticos Michelin 205/55r16 94v Primacy 5 V
2026-08-03 10:27 - INFO - Sku: 558009
2026-08-03 10:27 - INFO - Precio viejo: 1268000
2026-08-03 10:27 - INFO - Precio nuevo:1267972
2026-08-03 10:27 - INFO - Stock viejo: 4
2026-08-03 10:27 - INFO - Stock nuevo:10
2026-08-03 10:27 - INFO - https://articulo.mercadolibre.com.ar/MLA-3271096780-kit-4-neumaticos-michelin-20555r16-94v-primacy-5-v-_JM
2026-08-03 10:27 - INFO - 

2026-08-03 10:27 - INFO - Kit 2 Neumaticos Michelin 205/55r16 91y Pilot Sport 4
2026-08-03 10:27 - INFO - Sku: 241181
2026-08-03 10:27 - INFO - Precio viejo: 929800
2026-08-03 10:27 - INFO - Precio nuevo:838440
2026-08-03 10:27 - INFO - https://articulo.mercadolibre.com.ar/MLA-743729013-kit-2-neumaticos-michelin-20555r16-91y-pilot-sport-4-_JM
2026-08-03 10:27 - INFO - 

2026-08-03 10:27 - INFO - Kit 2 Neumaticos Bfgoodrich 205/60r16 92h Advantage Touring
2026-08-03 10:27 - INFO - Sku: 737253
2026-08-03 10:27 - INFO - Precio viejo: 557000
2026-08-03 10:27 - INFO - Precio nuevo:556900
2026-08-03 10:27 - INFO - Stock viejo: 2
2026-08-03 10:27 - INFO - Stock nuevo:3
2026-08-03 10:27 - INFO - https://articulo.mercadolibre.com.ar/MLA-763963208-kit-2-neumaticos-bfgoodrich-20560r16-92h-advantage-touring-_JM
2026-08-03 10:27 - INFO - 

2026-08-03 10:27 - INFO - Kit 4 Neumáticos Bfgoodrich 205/60r16 92h Advantage Touring
2026-08-03 10:27 - INFO - Sku: 737253
2026-08-03 10:27 - INFO - Precio viejo: 1114000
2026-08-03 10:27 - INFO - Precio nuevo:1113800
2026-08-03 10:27 - INFO - https://articulo.mercadolibre.com.ar/MLA-763963231-kit-4-neumaticos-bfgoodrich-20560r16-92h-advantage-touring-_JM
2026-08-03 10:27 - INFO - 

2026-08-03 10:27 - INFO - Kit 4 Neumáticos Michelin 205/60r16 92h Ltx Force V
2026-08-03 10:27 - INFO - Sku: 715955
2026-08-03 10:27 - INFO - Stock viejo: 1
2026-08-03 10:27 - INFO - Stock nuevo:0
2026-08-03 10:27 - INFO - https://articulo.mercadolibre.com.ar/MLA-682847956-kit-4-neumaticos-michelin-20560r16-92h-ltx-force-v-_JM 

2026-08-03 10:27 - INFO - Neumático Michelin 205/60r16 92h Ltx Force V
2026-08-03 10:27 - INFO - Sku: 715955
2026-08-03 10:27 - INFO - Precio viejo: 431038.97
2026-08-03 10:27 - INFO - Precio nuevo:442679
2026-08-03 10:27 - INFO - Stock viejo: 0
2026-08-03 10:27 - INFO - Stock nuevo:3
2026-08-03 10:27 - INFO - https://articulo.mercadolibre.com.ar/MLA-682853678-neumatico-michelin-20560r16-92h-ltx-force-v-_JM
2026-08-03 10:27 - INFO - 

2026-08-03 10:27 - INFO - Kit X2 Neumático Michelin 205/60r16 92h Ltx Force V
2026-08-03 10:27 - INFO - Sku: 715955
2026-08-03 10:27 - INFO - Precio viejo: 859600
2026-08-03 10:27 - INFO - Precio nuevo:885358
2026-08-03 10:27 - INFO - Stock viejo: 2
2026-08-03 10:27 - INFO - Stock nuevo:1
2026-08-03 10:27 - INFO - https://articulo.mercadolibre.com.ar/MLA-682847804-kit-x2-neumatico-michelin-20560r16-92h-ltx-force-v-_JM
2026-08-03 10:27 - INFO - 

2026-08-03 10:27 - INFO - Kit 4 Neumáticos Michelin 205/60r16 92v Primacy 4+ V
2026-08-03 10:27 - INFO - Sku: 987137
2026-08-03 10:27 - INFO - Precio viejo: 1689427.83
2026-08-03 10:27 - INFO - Precio nuevo:1768104
2026-08-03 10:27 - INFO - https://articulo.mercadolibre.com.ar/MLA-682853706-kit-4-neumaticos-michelin-20560r16-92v-primacy-4-v-_JM
2026-08-03 10:27 - INFO - 

2026-08-03 10:27 - INFO - Kit 2 Neumáticos Michelin 205/60r16 92v Primacy 4+ V
2026-08-03 10:27 - INFO - Sku: 987137
2026-08-03 10:27 - INFO - Precio viejo: 858400
2026-08-03 10:27 - INFO - Precio nuevo:884052
2026-08-03 10:27 - INFO - https://articulo.mercadolibre.com.ar/MLA-682847878-kit-2-neumaticos-michelin-20560r16-92v-primacy-4-v-_JM
2026-08-03 10:27 - INFO - 

2026-08-03 10:27 - INFO - Kit 4 Neumáticos Michelin 205/75r16c 110r Agilis 3 R
2026-08-03 10:27 - INFO - Sku: 326125
2026-08-03 10:27 - INFO - Precio viejo: 1932000
2026-08-03 10:27 - INFO - Precio nuevo:1990016
2026-08-03 10:27 - INFO - Stock viejo: 2
2026-08-03 10:27 - INFO - Stock nuevo:1
2026-08-03 10:27 - INFO - https://articulo.mercadolibre.com.ar/MLA-680278590-kit-4-neumaticos-michelin-20575r16c-110r-agilis-3-r-_JM
2026-08-03 10:27 - INFO - 

2026-08-03 10:27 - INFO - Kit 2 Neumáticos Michelin 205/75r16c 110r Agilis 3 R
2026-08-03 10:27 - INFO - Sku: 326125
2026-08-03 10:27 - INFO - Precio viejo: 966000
2026-08-03 10:27 - INFO - Precio nuevo:995008
2026-08-03 10:27 - INFO - Stock viejo: 2
2026-08-03 10:27 - INFO - Stock nuevo:3
2026-08-03 10:27 - INFO - https://articulo.mercadolibre.com.ar/MLA-670355226-kit-2-neumaticos-michelin-20575r16c-110r-agilis-3-r-_JM
2026-08-03 10:27 - INFO - 

2026-08-03 10:27 - INFO - Kit 4 Neumáticos Michelin 215/45r16 90v Pilot Sport 3 V
2026-08-03 10:27 - INFO - Sku: 474002
2026-08-03 10:27 - INFO - Stock viejo: 1
2026-08-03 10:27 - INFO - Stock nuevo:0
2026-08-03 10:27 - INFO - https://articulo.mercadolibre.com.ar/MLA-814995895-kit-4-neumaticos-michelin-21545r16-90v-pilot-sport-3-v-_JM 

2026-08-03 10:27 - INFO - Kit 2 Neumáticos Michelin 215/45r16 90v Pilot Sport 3 V
2026-08-03 10:27 - INFO - Sku: 474002
2026-08-03 10:27 - INFO - Precio viejo: 1100255.92
2026-08-03 10:27 - INFO - Precio nuevo:1231402
2026-08-03 10:27 - INFO - Stock viejo: 0
2026-08-03 10:27 - INFO - Stock nuevo:1
2026-08-03 10:27 - INFO - https://articulo.mercadolibre.com.ar/MLA-680278203-kit-2-neumaticos-michelin-21545r16-90v-pilot-sport-3-v-_JM
2026-08-03 10:27 - INFO - 

2026-08-03 10:27 - INFO - Kit 4 Neumáticos Bfgoodrich 215/55r16 97v Advantage Touring
2026-08-03 10:27 - INFO - Sku: 834883
2026-08-03 10:27 - INFO - Precio viejo: 1090000
2026-08-03 10:27 - INFO - Precio nuevo:1090004
2026-08-03 10:27 - INFO - https://articulo.mercadolibre.com.ar/MLA-743762448-kit-4-neumaticos-bfgoodrich-21555r16-97v-advantage-touring-_JM
2026-08-03 10:27 - INFO - 

2026-08-03 10:27 - INFO - Kit 4 Neumáticos Michelin 215/55r16 97w Primacy 5 W
2026-08-03 10:27 - INFO - Sku: 974855
2026-08-03 10:27 - INFO - Precio viejo: 2047600
2026-08-03 10:27 - INFO - Precio nuevo:2047768
2026-08-03 10:27 - INFO - https://articulo.mercadolibre.com.ar/MLA-3545423414-kit-4-neumaticos-michelin-21555r16-97w-primacy-5-w-_JM
2026-08-03 10:27 - INFO - 

2026-08-03 10:27 - INFO - Kit 4 Neumáticos Michelín 215/60r16 99v Primacy 4+
2026-08-03 10:27 - INFO - Sku: 184283
2026-08-03 10:27 - INFO - Precio viejo: 2398800
2026-08-03 10:27 - INFO - Precio nuevo:1959540
2026-08-03 10:27 - INFO - https://articulo.mercadolibre.com.ar/MLA-763117411-kit-4-neumaticos-michelin-21560r16-99v-primacy-4-_JM
2026-08-03 10:27 - INFO - 

2026-08-03 10:27 - INFO - Kit 2 Neumáticos Michelin 215/60r16 99v Primacy 4+
2026-08-03 10:27 - INFO - Sku: 184283
2026-08-03 10:27 - INFO - Precio viejo: 1199400
2026-08-03 10:27 - INFO - Precio nuevo:979770
2026-08-03 10:27 - INFO - Stock viejo: 2
2026-08-03 10:27 - INFO - Stock nuevo:3
2026-08-03 10:27 - INFO - https://articulo.mercadolibre.com.ar/MLA-763117406-kit-2-neumaticos-michelin-21560r16-99v-primacy-4-_JM
2026-08-03 10:27 - INFO - 

2026-08-03 10:27 - INFO - Neumático Michelin 215/60r16 99v Primacy 4+
2026-08-03 10:27 - INFO - Sku: 184283
2026-08-03 10:27 - INFO - Precio viejo: 567128.95
2026-08-03 10:27 - INFO - Precio nuevo:489885
2026-08-03 10:27 - INFO - Stock viejo: 4
2026-08-03 10:27 - INFO - Stock nuevo:7
2026-08-03 10:27 - INFO - https://articulo.mercadolibre.com.ar/MLA-763117390-neumatico-michelin-21560r16-99v-primacy-4-_JM
2026-08-03 10:27 - INFO - 

2026-08-03 10:27 - INFO - Kit 4 Neumáticos Michelin 215/65r16c 104t Agilis 3
2026-08-03 10:27 - INFO - Sku: 278029
2026-08-03 10:27 - INFO - Precio viejo: 2145600
2026-08-03 10:27 - INFO - Precio nuevo:2210004
2026-08-03 10:27 - INFO - https://articulo.mercadolibre.com.ar/MLA-743761869-kit-4-neumaticos-michelin-21565r16c-104t-agilis-3-_JM
2026-08-03 10:27 - INFO - 

2026-08-03 10:27 - INFO - Kit 2 Neumáticos Michelin 215/65r16 104t Agilis 3
2026-08-03 10:27 - INFO - Sku: 278029
2026-08-03 10:27 - INFO - Precio viejo: 1072800
2026-08-03 10:27 - INFO - Precio nuevo:1105002
2026-08-03 10:27 - INFO - https://articulo.mercadolibre.com.ar/MLA-743729236-kit-2-neumaticos-michelin-21565r16-104t-agilis-3-_JM
2026-08-03 10:27 - INFO - 

2026-08-03 10:27 - INFO - Kit 4 Neumáticos Bfgoodrich 215/65r16 98t Advantage Touring H
2026-08-03 10:27 - INFO - Sku: 740801
2026-08-03 10:27 - INFO - Stock viejo: 1
2026-08-03 10:27 - INFO - Stock nuevo:0
2026-08-03 10:27 - INFO - https://articulo.mercadolibre.com.ar/MLA-851223146-kit-4-neumaticos-bfgoodrich-21565r16-98t-advantage-touring-h-_JM 

2026-08-03 10:27 - INFO - Neumático Bfgoodrich 215/65r16 98t Advantage Touring
2026-08-03 10:27 - INFO - Sku: 740801
2026-08-03 10:27 - INFO - Precio viejo: 352735.31
2026-08-03 10:27 - INFO - Precio nuevo:319545
2026-08-03 10:27 - INFO - Stock viejo: 0
2026-08-03 10:27 - INFO - Stock nuevo:3
2026-08-03 10:27 - INFO - https://articulo.mercadolibre.com.ar/MLA-743762932-neumatico-bfgoodrich-21565r16-98t-advantage-touring-_JM
2026-08-03 10:27 - INFO - 

2026-08-03 10:27 - INFO - Kit 2 Neumático Bfgoodrich 215/65r16 98t Advantage Touring H
2026-08-03 10:27 - INFO - Sku: 740801
2026-08-03 10:27 - INFO - Precio viejo: 705470.61
2026-08-03 10:27 - INFO - Precio nuevo:639090
2026-08-03 10:27 - INFO - Stock viejo: 2
2026-08-03 10:27 - INFO - Stock nuevo:1
2026-08-03 10:27 - INFO - https://articulo.mercadolibre.com.ar/MLA-851223142-kit-2-neumatico-bfgoodrich-21565r16-98t-advantage-touring-h-_JM
2026-08-03 10:27 - INFO - 

2026-08-03 10:27 - INFO - Michelin Ltx Force 215/65r16 98 T
2026-08-03 10:27 - INFO - Sku: 006236
2026-08-03 10:27 - INFO - Stock viejo: 1
2026-08-03 10:27 - INFO - Stock nuevo:0
2026-08-03 10:27 - INFO - https://articulo.mercadolibre.com.ar/MLA-1444111447-michelin-ltx-force-21565r16-98-t-_JM 

2026-08-03 10:27 - INFO - Kit 4 Neumáticos Michelin 215/65r16 102h Ltx Force T
2026-08-03 10:27 - INFO - Sku: 006236
2026-08-03 10:27 - INFO - Stock viejo: 1
2026-08-03 10:27 - INFO - Stock nuevo:0
2026-08-03 10:27 - INFO - https://articulo.mercadolibre.com.ar/MLA-680278560-kit-4-neumaticos-michelin-21565r16-102h-ltx-force-t-_JM 

2026-08-03 10:27 - INFO - Neumatico Michelin 215/65r16 102h Ltx Force H
2026-08-03 10:27 - INFO - Sku: 006236
2026-08-03 10:27 - INFO - Precio viejo: 451484.32
2026-08-03 10:27 - INFO - Precio nuevo:370999
2026-08-03 10:27 - INFO - Stock viejo: 0
2026-08-03 10:27 - INFO - Stock nuevo:1
2026-08-03 10:27 - INFO - https://articulo.mercadolibre.com.ar/MLA-851223139-neumatico-michelin-21565r16-102h-ltx-force-h-_JM
2026-08-03 10:27 - INFO - 

2026-08-03 10:27 - INFO - Kit 4 Neumáticos Michelin 215/65r16 102h Primacy 4 H
2026-08-03 10:27 - INFO - Sku: 889474
2026-08-03 10:27 - INFO - Precio viejo: 1836000
2026-08-03 10:27 - INFO - Precio nuevo:1913632
2026-08-03 10:27 - INFO - https://articulo.mercadolibre.com.ar/MLA-851222143-kit-4-neumaticos-michelin-21565r16-102h-primacy-4-h-_JM
2026-08-03 10:27 - INFO - 

2026-08-03 10:27 - INFO - Kit 2 Neumático Michelin 215/65r16 102h Primacy 4 H
2026-08-03 10:27 - INFO - Sku: 889474
2026-08-03 10:27 - INFO - Precio viejo: 918000
2026-08-03 10:27 - INFO - Precio nuevo:956816
2026-08-03 10:27 - INFO - https://articulo.mercadolibre.com.ar/MLA-851222139-kit-2-neumatico-michelin-21565r16-102h-primacy-4-h-_JM
2026-08-03 10:27 - INFO - 

2026-08-03 10:27 - INFO - Kit 4 Neumáticos Bfgoodrich 215/65r16 98t Trail Terrain T/a T
2026-08-03 10:27 - INFO - Sku: 752703
2026-08-03 10:27 - INFO - Precio viejo: 2302800
2026-08-03 10:27 - INFO - Precio nuevo:2134672
2026-08-03 10:27 - INFO - https://articulo.mercadolibre.com.ar/MLA-743762937-kit-4-neumaticos-bfgoodrich-21565r16-98t-trail-terrain-ta-t-_JM
2026-08-03 10:27 - INFO - 

2026-08-03 10:27 - INFO - Kit 2 Neumáticos Michelin 215/70r16c 108t Agilis 3 T
2026-08-03 10:27 - INFO - Sku: 387980
2026-08-03 10:27 - INFO - Precio viejo: 1043600
2026-08-03 10:27 - INFO - Precio nuevo:1074918
2026-08-03 10:27 - INFO - https://articulo.mercadolibre.com.ar/MLA-814995947-kit-2-neumaticos-michelin-21570r16c-108t-agilis-3-t-_JM
2026-08-03 10:27 - INFO - 

2026-08-03 10:27 - INFO - Kit 4 Neumáticos Michelin 215/70r16c 108t Agilis 3 T
2026-08-03 10:27 - INFO - Sku: 387980
2026-08-03 10:27 - INFO - Precio viejo: 2087200
2026-08-03 10:27 - INFO - Precio nuevo:2149836
2026-08-03 10:27 - INFO - https://articulo.mercadolibre.com.ar/MLA-814995949-kit-4-neumaticos-michelin-21570r16c-108t-agilis-3-t-_JM
2026-08-03 10:27 - INFO - 

2026-08-03 10:27 - INFO - Kit 4 Neumáticos Michelin 215/75r16c 116r Agilis 3 R
2026-08-03 10:27 - INFO - Sku: 132621
2026-08-03 10:27 - INFO - Precio viejo: 2556000
2026-08-03 10:27 - INFO - Precio nuevo:2716704
2026-08-03 10:27 - INFO - Stock viejo: 1
2026-08-03 10:27 - INFO - Stock nuevo:2
2026-08-03 10:27 - INFO - https://articulo.mercadolibre.com.ar/MLA-670800121-kit-4-neumaticos-michelin-21575r16c-116r-agilis-3-r-_JM
2026-08-03 10:27 - INFO - 

2026-08-03 10:27 - INFO - Kit 2 Neumáticos Michelin 215/75r16c 116r Agilis 3
2026-08-03 10:27 - INFO - Sku: 132621
2026-08-03 10:27 - INFO - Precio viejo: 1278000
2026-08-03 10:27 - INFO - Precio nuevo:1358352
2026-08-03 10:27 - INFO - Stock viejo: 2
2026-08-03 10:27 - INFO - Stock nuevo:4
2026-08-03 10:27 - INFO - https://articulo.mercadolibre.com.ar/MLA-670355932-kit-2-neumaticos-michelin-21575r16c-116r-agilis-3-_JM
2026-08-03 10:27 - INFO - 

2026-08-03 10:27 - INFO - Kit 4 Neumáticos Michelin 225/55r16 99w Primacy 4+ W
2026-08-03 10:27 - INFO - Sku: 341189
2026-08-03 10:27 - INFO - Precio viejo: 1834800
2026-08-03 10:27 - INFO - Precio nuevo:1834536
2026-08-03 10:27 - INFO - https://articulo.mercadolibre.com.ar/MLA-670799796-kit-4-neumaticos-michelin-22555r16-99w-primacy-4-w-_JM
2026-08-03 10:27 - INFO - 

2026-08-03 10:27 - INFO - Kit 2 Neumáticos Michelin 225/55r16 99w Primacy 4+ W
2026-08-03 10:27 - INFO - Sku: 341189
2026-08-03 10:27 - INFO - Precio viejo: 917400
2026-08-03 10:27 - INFO - Precio nuevo:917268
2026-08-03 10:27 - INFO - https://articulo.mercadolibre.com.ar/MLA-670355585-kit-2-neumaticos-michelin-22555r16-99w-primacy-4-w-_JM
2026-08-03 10:27 - INFO - 

2026-08-03 10:27 - INFO - Kit 2 Neumáticos Michelin 225/65r16c 112r Agilis 3
2026-08-03 10:27 - INFO - Sku: 230527
2026-08-03 10:27 - INFO - Precio viejo: 1118600
2026-08-03 10:27 - INFO - Precio nuevo:1152116
2026-08-03 10:27 - INFO - https://articulo.mercadolibre.com.ar/MLA-680278449-kit-2-neumaticos-michelin-22565r16c-112r-agilis-3-_JM
2026-08-03 10:27 - INFO - 

2026-08-03 10:27 - INFO - Kit 4 Neumáticos Michelin 225/65r16c 112r Agilis 3
2026-08-03 10:27 - INFO - Sku: 230527
2026-08-03 10:27 - INFO - Precio viejo: 2266274.27
2026-08-03 10:27 - INFO - Precio nuevo:2304232
2026-08-03 10:27 - INFO - Stock viejo: 0
2026-08-03 10:27 - INFO - Stock nuevo:1
2026-08-03 10:27 - INFO - https://articulo.mercadolibre.com.ar/MLA-680278790-kit-4-neumaticos-michelin-22565r16c-112r-agilis-3-_JM
2026-08-03 10:27 - INFO - 

2026-08-03 10:27 - INFO - Kit 4 Neumáticos Michelin 225/70r16 103h Primacy Suv + H
2026-08-03 10:27 - INFO - Sku: 745083
2026-08-03 10:27 - INFO - Precio viejo: 2249200
2026-08-03 10:27 - INFO - Precio nuevo:2316796
2026-08-03 10:27 - INFO - https://articulo.mercadolibre.com.ar/MLA-670800293-kit-4-neumaticos-michelin-22570r16-103h-primacy-suv-h-_JM
2026-08-03 10:27 - INFO - 

2026-08-03 10:27 - INFO - Kit 2 Neumáticos Michelin 225/70r16 103h Primacy Suv H
2026-08-03 10:27 - INFO - Sku: 745083
2026-08-03 10:27 - INFO - Precio viejo: 1124600
2026-08-03 10:27 - INFO - Precio nuevo:1158398
2026-08-03 10:27 - INFO - https://articulo.mercadolibre.com.ar/MLA-670355930-kit-2-neumaticos-michelin-22570r16-103h-primacy-suv-h-_JM
2026-08-03 10:27 - INFO - 

2026-08-03 10:27 - INFO - Kit 4 Neumáticos Michelin 225/75r16c 118r Agilis 3
2026-08-03 10:27 - INFO - Sku: 984057
2026-08-03 10:27 - INFO - Precio viejo: 2318400
2026-08-03 10:27 - INFO - Precio nuevo:2388020
2026-08-03 10:27 - INFO - https://articulo.mercadolibre.com.ar/MLA-763963262-kit-4-neumaticos-michelin-22575r16c-118r-agilis-3-_JM
2026-08-03 10:27 - INFO - 

2026-08-03 10:27 - INFO - Kit 2 Neumáticos Michelin 225/75r16c 118r Agilis 3 Q
2026-08-03 10:27 - INFO - Sku: 984057
2026-08-03 10:27 - INFO - Precio viejo: 1159200
2026-08-03 10:27 - INFO - Precio nuevo:1194010
2026-08-03 10:27 - INFO - https://articulo.mercadolibre.com.ar/MLA-781691266-kit-2-neumaticos-michelin-22575r16c-118r-agilis-3-q-_JM
2026-08-03 10:27 - INFO - 

2026-08-03 10:27 - INFO - Kit 4 Neumáticos Bfgoodrich 225/75r16 115s At T/a Ko3 S
2026-08-03 10:27 - INFO - Sku: 121040
2026-08-03 10:27 - INFO - Precio viejo: 3128000
2026-08-03 10:27 - INFO - Precio nuevo:2971612
2026-08-03 10:27 - INFO - https://articulo.mercadolibre.com.ar/MLA-743760675-kit-4-neumaticos-bfgoodrich-22575r16-115s-at-ta-ko3-s-_JM
2026-08-03 10:27 - INFO - 

2026-08-03 10:27 - INFO - Kit 4 Neumáticos Bfgoodrich 225/75r16 108t Trail Terrain T/a Q
2026-08-03 10:27 - INFO - Sku: 049986
2026-08-03 10:27 - INFO - Precio viejo: 2691200
2026-08-03 10:27 - INFO - Precio nuevo:2681180
2026-08-03 10:27 - INFO - https://articulo.mercadolibre.com.ar/MLA-781691286-kit-4-neumaticos-bfgoodrich-22575r16-108t-trail-terrain-ta-q-_JM
2026-08-03 10:27 - INFO - 

2026-08-03 10:27 - INFO - Neumático Michelin 235/65r16c 115r Agilis3 R
2026-08-03 10:27 - INFO - Sku: 900911
2026-08-03 10:27 - INFO - Stock viejo: 4
2026-08-03 10:27 - INFO - Stock nuevo:0
2026-08-03 10:27 - INFO - https://articulo.mercadolibre.com.ar/MLA-680278061-neumatico-michelin-23565r16c-115r-agilis3-r-_JM 

2026-08-03 10:27 - INFO - Kit 2 Neumáticos Michelin 235/65r16c 115r Agilis 3 R
2026-08-03 10:27 - INFO - Sku: 900911
2026-08-03 10:27 - INFO - Precio viejo: 1267800
2026-08-03 10:27 - INFO - Precio nuevo:1358244
2026-08-03 10:27 - INFO - https://articulo.mercadolibre.com.ar/MLA-743727162-kit-2-neumaticos-michelin-23565r16c-115r-agilis-3-r-_JM
2026-08-03 10:27 - INFO - 

2026-08-03 10:27 - INFO - Kit 4 Neumáticos Michelin 235/65r16c 115r Agilis 3 R
2026-08-03 10:27 - INFO - Sku: 900911
2026-08-03 10:27 - INFO - Precio viejo: 2535600
2026-08-03 10:27 - INFO - Precio nuevo:2716488
2026-08-03 10:27 - INFO - Stock viejo: 0
2026-08-03 10:27 - INFO - Stock nuevo:1
2026-08-03 10:27 - INFO - https://articulo.mercadolibre.com.ar/MLA-743727160-kit-4-neumaticos-michelin-23565r16c-115r-agilis-3-r-_JM
2026-08-03 10:27 - INFO - 

2026-08-03 10:27 - INFO - Kit 4 Neumaticos Bfgoodrich 235/70r16 106t Trail Terrain T/a T
2026-08-03 10:27 - INFO - Sku: 817713
2026-08-03 10:27 - INFO - Precio viejo: 2335600
2026-08-03 10:27 - INFO - Precio nuevo:2405776
2026-08-03 10:27 - INFO - https://articulo.mercadolibre.com.ar/MLA-1676260749-kit-4-neumaticos-bfgoodrich-23570r16-106t-trail-terrain-ta-t-_JM
2026-08-03 10:27 - INFO - 

2026-08-03 10:27 - INFO - Kit 2 Neumáticos Bfgoodrich 235/70r16 106t Trail Terrain T/a T
2026-08-03 10:27 - INFO - Sku: 817713
2026-08-03 10:27 - INFO - Precio viejo: 1167800
2026-08-03 10:27 - INFO - Precio nuevo:1202888
2026-08-03 10:27 - INFO - https://articulo.mercadolibre.com.ar/MLA-3460035182-kit-2-neumaticos-bfgoodrich-23570r16-106t-trail-terrain-ta-t-_JM
2026-08-03 10:27 - INFO - 

2026-08-03 10:27 - INFO - Kit 4 Neumaticos Bfgoodrich 245/70r16 113s At T/a Ko3 Rwl S
2026-08-03 10:27 - INFO - Sku: 456336
2026-08-03 10:27 - INFO - Precio viejo: 3199200
2026-08-03 10:27 - INFO - Precio nuevo:2390952
2026-08-03 10:27 - INFO - https://articulo.mercadolibre.com.ar/MLA-2562077948-kit-4-neumaticos-bfgoodrich-24570r16-113s-at-ta-ko3-rwl-s-_JM
2026-08-03 10:27 - INFO - 

2026-08-03 10:27 - INFO - Kit 2 Neumáticos Bfgoodrich 245/70r16 111t Advantage Touring T
2026-08-03 10:27 - INFO - Sku: 876119
2026-08-03 10:27 - INFO - Precio viejo: 774600
2026-08-03 10:27 - INFO - Precio nuevo:774526
2026-08-03 10:27 - INFO - Stock viejo: 2
2026-08-03 10:27 - INFO - Stock nuevo:3
2026-08-03 10:27 - INFO - https://articulo.mercadolibre.com.ar/MLA-1741962307-kit-2-neumaticos-bfgoodrich-24570r16-111t-advantage-touring-t-_JM
2026-08-03 10:27 - INFO - 

2026-08-03 10:27 - INFO - Kit 4 Neumáticos Bfgoodrich 245/70r16 111t Advantage Touring T
2026-08-03 10:27 - INFO - Sku: 876119
2026-08-03 10:27 - INFO - Precio viejo: 1549200
2026-08-03 10:27 - INFO - Precio nuevo:1549052
2026-08-03 10:27 - INFO - Stock viejo: 2
2026-08-03 10:27 - INFO - Stock nuevo:1
2026-08-03 10:27 - INFO - https://articulo.mercadolibre.com.ar/MLA-3172360792-kit-4-neumaticos-bfgoodrich-24570r16-111t-advantage-touring-t-_JM
2026-08-03 10:27 - INFO - 

2026-08-03 10:27 - INFO - Kit 2 Neumáticos Michelin 245/70r16 111t Ltx Force T
2026-08-03 10:27 - INFO - Sku: 447950
2026-08-03 10:27 - INFO - Precio viejo: 1073600
2026-08-03 10:27 - INFO - Precio nuevo:1105786
2026-08-03 10:27 - INFO - Stock viejo: 2
2026-08-03 10:27 - INFO - Stock nuevo:3
2026-08-03 10:27 - INFO - https://articulo.mercadolibre.com.ar/MLA-680278177-kit-2-neumaticos-michelin-24570r16-111t-ltx-force-t-_JM
2026-08-03 10:27 - INFO - 

2026-08-03 10:27 - INFO - Kit 4 Neumáticos Michelin 245/70r16 111t Ltx Force T
2026-08-03 10:27 - INFO - Sku: 447950
2026-08-03 10:27 - INFO - Precio viejo: 2112989.22
2026-08-03 10:27 - INFO - Precio nuevo:2211572
2026-08-03 10:27 - INFO - Stock viejo: 0
2026-08-03 10:27 - INFO - Stock nuevo:1
2026-08-03 10:27 - INFO - https://articulo.mercadolibre.com.ar/MLA-670798843-kit-4-neumaticos-michelin-24570r16-111t-ltx-force-t-_JM
2026-08-03 10:27 - INFO - 

2026-08-03 10:27 - INFO - Kit 4 Neumáticos Bfgoodrich 255/70r16 115s At T/a Ko3 S
2026-08-03 10:27 - INFO - Sku: 214525
2026-08-03 10:27 - INFO - Precio viejo: 2970400
2026-08-03 10:27 - INFO - Precio nuevo:3059592
2026-08-03 10:27 - INFO - https://articulo.mercadolibre.com.ar/MLA-670800317-kit-4-neumaticos-bfgoodrich-25570r16-115s-at-ta-ko3-s-_JM
2026-08-03 10:27 - INFO - 

2026-08-03 10:27 - INFO - Kit 2 Neumáticos Michelin 255/70r16 111h Ltx Force  H
2026-08-03 10:27 - INFO - Sku: 004342
2026-08-03 10:27 - INFO - Precio viejo: 347232.46
2026-08-03 10:27 - INFO - Precio nuevo:1165654
2026-08-03 10:27 - INFO - Stock viejo: 0
2026-08-03 10:27 - INFO - Stock nuevo:4
2026-08-03 10:27 - INFO - https://articulo.mercadolibre.com.ar/MLA-743755235-kit-2-neumaticos-michelin-25570r16-111h-ltx-force-h-_JM
2026-08-03 10:27 - INFO - 

2026-08-03 10:27 - INFO - Kit 4 Neumáticos Michelin 255/70r16 111h Ltx Force  H
2026-08-03 10:27 - INFO - Sku: 004342
2026-08-03 10:27 - INFO - Precio viejo: 2219200
2026-08-03 10:27 - INFO - Precio nuevo:2331308
2026-08-03 10:27 - INFO - https://articulo.mercadolibre.com.ar/MLA-743727147-kit-4-neumaticos-michelin-25570r16-111h-ltx-force-h-_JM
2026-08-03 10:27 - INFO - 

2026-08-03 10:27 - INFO - Kit 4 Neumático Bfgoodrich 255/70r16 115t Trail Terrain T/a T
2026-08-03 10:27 - INFO - Sku: 543252
2026-08-03 10:27 - INFO - Precio viejo: 2524800
2026-08-03 10:27 - INFO - Precio nuevo:2652368
2026-08-03 10:27 - INFO - https://articulo.mercadolibre.com.ar/MLA-3191035070-kit-4-neumatico-bfgoodrich-25570r16-115t-trail-terrain-ta-t-_JM
2026-08-03 10:27 - INFO - 

2026-08-03 10:27 - INFO - Kit 4 Neumáticos Bfgoodrich 265/70r16 117s At T/a Ko3 S
2026-08-03 10:27 - INFO - Sku: 236911
2026-08-03 10:27 - INFO - Precio viejo: 3100000
2026-08-03 10:27 - INFO - Precio nuevo:3128968
2026-08-03 10:27 - INFO - https://articulo.mercadolibre.com.ar/MLA-743728711-kit-4-neumaticos-bfgoodrich-26570r16-117s-at-ta-ko3-s-_JM
2026-08-03 10:27 - INFO - 

2026-08-03 10:27 - INFO - Kit 4 Neumáticos Bfgoodrich 265/70r16 112t Advantage Touring T
2026-08-03 10:27 - INFO - Sku: 751695
2026-08-03 10:27 - INFO - Precio viejo: 1837423.18
2026-08-03 10:27 - INFO - Precio nuevo:1674476
2026-08-03 10:27 - INFO - https://articulo.mercadolibre.com.ar/MLA-743728546-kit-4-neumaticos-bfgoodrich-26570r16-112t-advantage-touring-t-_JM
2026-08-03 10:27 - INFO - 

2026-08-03 10:27 - INFO - Kit 2 Neumáticos Bfgoodrich 265/70r16 112t Advantage Touring T
2026-08-03 10:27 - INFO - Sku: 751695
2026-08-03 10:27 - INFO - Precio viejo: 918711.59
2026-08-03 10:27 - INFO - Precio nuevo:837238
2026-08-03 10:27 - INFO - https://articulo.mercadolibre.com.ar/MLA-743728538-kit-2-neumaticos-bfgoodrich-26570r16-112t-advantage-touring-t-_JM
2026-08-03 10:27 - INFO - 

2026-08-03 10:27 - INFO - Kit 4 Neumáticos Michelin 265/70r16 112t Ltx Force  T
2026-08-03 10:27 - INFO - Sku: 282286
2026-08-03 10:27 - INFO - Precio viejo: 2320800
2026-08-03 10:27 - INFO - Precio nuevo:2390236
2026-08-03 10:27 - INFO - https://articulo.mercadolibre.com.ar/MLA-743759237-kit-4-neumaticos-michelin-26570r16-112t-ltx-force-t-_JM
2026-08-03 10:27 - INFO - 

2026-08-03 10:27 - INFO - Kit 2 Neumáticos Michelin 265/70r16 112t Ltx Force  T
2026-08-03 10:27 - INFO - Sku: 282286
2026-08-03 10:27 - INFO - Precio viejo: 1160400
2026-08-03 10:27 - INFO - Precio nuevo:1195118
2026-08-03 10:27 - INFO - Stock viejo: 2
2026-08-03 10:27 - INFO - Stock nuevo:3
2026-08-03 10:27 - INFO - https://articulo.mercadolibre.com.ar/MLA-743759209-kit-2-neumaticos-michelin-26570r16-112t-ltx-force-t-_JM
2026-08-03 10:27 - INFO - 

2026-08-03 10:27 - INFO - Neumático Michelin 265/70r16 112t Ltx Force  T
2026-08-03 10:27 - INFO - Sku: 282286
2026-08-03 10:27 - INFO - Precio viejo: 620527.49
2026-08-03 10:27 - INFO - Precio nuevo:597559
2026-08-03 10:27 - INFO - Stock viejo: 0
2026-08-03 10:27 - INFO - Stock nuevo:7
2026-08-03 10:27 - INFO - https://articulo.mercadolibre.com.ar/MLA-667597338-neumatico-michelin-26570r16-112t-ltx-force-t-_JM
2026-08-03 10:27 - INFO - 

2026-08-03 10:27 - INFO - Kit 4 Neumáticos Bfgoodrich 265/70r16 112t Trail Terrain T/a
2026-08-03 10:27 - INFO - Sku: 120829
2026-08-03 10:27 - INFO - Precio viejo: 2912000
2026-08-03 10:27 - INFO - Precio nuevo:2699620
2026-08-03 10:27 - INFO - https://articulo.mercadolibre.com.ar/MLA-814996897-kit-4-neumaticos-bfgoodrich-26570r16-112t-trail-terrain-ta-_JM
2026-08-03 10:27 - INFO - 

2026-08-03 10:27 - INFO - Kit 4 Neumáticos Bfgoodrich 265/75r16 123s At T/a Ko3 Q
2026-08-03 10:27 - INFO - Sku: 589028
2026-08-03 10:27 - INFO - Precio viejo: 3678800
2026-08-03 10:27 - INFO - Precio nuevo:3678624
2026-08-03 10:27 - INFO - https://articulo.mercadolibre.com.ar/MLA-670799666-kit-4-neumaticos-bfgoodrich-26575r16-123s-at-ta-ko3-q-_JM
2026-08-03 10:27 - INFO - 

2026-08-03 10:27 - INFO - Kit 4 Neumáticos Bfgoodrich 275/70r16 119s At T/a Ko3 Rwl
2026-08-03 10:27 - INFO - Sku: 943123
2026-08-03 10:27 - INFO - Precio viejo: 3028800
2026-08-03 10:27 - INFO - Precio nuevo:3119676
2026-08-03 10:27 - INFO - https://articulo.mercadolibre.com.ar/MLA-743763050-kit-4-neumaticos-bfgoodrich-27570r16-119s-at-ta-ko3-rwl-_JM
2026-08-03 10:27 - INFO - 

2026-08-03 10:27 - INFO - Kit 4 Neumáticos Bfgoodrich 285/75r16 126s At T/a Ko3 Rwl S
2026-08-03 10:27 - INFO - Sku: 274669
2026-08-03 10:27 - INFO - Precio viejo: 4512800
2026-08-03 10:27 - INFO - Precio nuevo:4512872
2026-08-03 10:27 - INFO - https://articulo.mercadolibre.com.ar/MLA-3167493560-kit-4-neumaticos-bfgoodrich-28575r16-126s-at-ta-ko3-rwl-s-_JM
2026-08-03 10:27 - INFO - 

2026-08-03 10:27 - INFO - Kit 4 Neumáticos Bfgoodrich 205/45r17 88w G Force Phenom T/a
2026-08-03 10:27 - INFO - Sku: 930232
2026-08-03 10:27 - INFO - Precio viejo: 1040000
2026-08-03 10:27 - INFO - Precio nuevo:1092544
2026-08-03 10:27 - INFO - https://articulo.mercadolibre.com.ar/MLA-743759972-kit-4-neumaticos-bfgoodrich-20545r17-88w-g-force-phenom-ta-_JM
2026-08-03 10:27 - INFO - 

2026-08-03 10:27 - INFO - Kit 2 Neumáticos Bfgoodrich 205/45r17 88w G Force Phenom W
2026-08-03 10:27 - INFO - Sku: 930232
2026-08-03 10:27 - INFO - Precio viejo: 520000
2026-08-03 10:27 - INFO - Precio nuevo:546272
2026-08-03 10:27 - INFO - https://articulo.mercadolibre.com.ar/MLA-2911277682-kit-2-neumaticos-bfgoodrich-20545r17-88w-g-force-phenom-w-_JM
2026-08-03 10:27 - INFO - 

2026-08-03 10:27 - INFO - Neumático Michelin 205/45r17 86y Pilot Sport 5
2026-08-03 10:27 - INFO - Sku: 051232
2026-08-03 10:27 - INFO - Stock viejo: 4
2026-08-03 10:27 - INFO - Stock nuevo:0
2026-08-03 10:27 - INFO - https://articulo.mercadolibre.com.ar/MLA-692179778-neumatico-michelin-20545r17-86y-pilot-sport-5-_JM 

2026-08-03 10:27 - INFO - Kit De 4 Neumáticos Michelin Pilot Sport 5 P 205/45r17 88 Y
2026-08-03 10:27 - INFO - Sku: 051232
2026-08-03 10:27 - INFO - Precio viejo: 1794821.68
2026-08-03 10:27 - INFO - Precio nuevo:1969144
2026-08-03 10:27 - INFO - Stock viejo: 0
2026-08-03 10:27 - INFO - Stock nuevo:1
2026-08-03 10:27 - INFO - https://articulo.mercadolibre.com.ar/MLA-1486578919-kit-de-4-neumaticos-michelin-pilot-sport-5-p-20545r17-88-y-_JM
2026-08-03 10:27 - INFO - 

2026-08-03 10:27 - INFO - Kit 4 Neumáticos Michelin 205/45r17 86y Pilot Sport 5 Y
2026-08-03 10:27 - INFO - Sku: 051232
2026-08-03 10:27 - INFO - Precio viejo: 1969148
2026-08-03 10:27 - INFO - Precio nuevo:1969144
2026-08-03 10:27 - INFO - https://articulo.mercadolibre.com.ar/MLA-743730661-kit-4-neumaticos-michelin-20545r17-86y-pilot-sport-5-y-_JM
2026-08-03 10:27 - INFO - 

2026-08-03 10:27 - INFO - Kit 2 Neumáticos Michelin 205/45r17 86y Pilot Sport 5
2026-08-03 10:27 - INFO - Sku: 051232
2026-08-03 10:27 - INFO - Precio viejo: 984574
2026-08-03 10:27 - INFO - Precio nuevo:984572
2026-08-03 10:27 - INFO - https://articulo.mercadolibre.com.ar/MLA-743730658-kit-2-neumaticos-michelin-20545r17-86y-pilot-sport-5-_JM
2026-08-03 10:27 - INFO - 

2026-08-03 10:27 - INFO - Kit 4 Neumáticos Bfgoodrich 205/50r17 93v Advantage Touring W
2026-08-03 10:27 - INFO - Sku: 367768
2026-08-03 10:27 - INFO - Precio viejo: 1293749.22
2026-08-03 10:27 - INFO - Precio nuevo:1128668
2026-08-03 10:27 - INFO - Stock viejo: 0
2026-08-03 10:27 - INFO - Stock nuevo:1
2026-08-03 10:27 - INFO - https://articulo.mercadolibre.com.ar/MLA-743763365-kit-4-neumaticos-bfgoodrich-20550r17-93v-advantage-touring-w-_JM
2026-08-03 10:27 - INFO - 

2026-08-03 10:27 - INFO - Kit 2 Neumáticos Bfgoodrich 205/50r17 93v Advantage Touring
2026-08-03 10:27 - INFO - Sku: 367768
2026-08-03 10:27 - INFO - Precio viejo: 564400
2026-08-03 10:27 - INFO - Precio nuevo:564334
2026-08-03 10:27 - INFO - https://articulo.mercadolibre.com.ar/MLA-763963303-kit-2-neumaticos-bfgoodrich-20550r17-93v-advantage-touring-_JM
2026-08-03 10:27 - INFO - 

2026-08-03 10:27 - INFO - Kit 4 Neumáticos Michelin 205/50r17 93w Primacy 4+
2026-08-03 10:27 - INFO - Sku: 681238
2026-08-03 10:27 - INFO - Precio viejo: 1630400
2026-08-03 10:27 - INFO - Precio nuevo:1679444
2026-08-03 10:27 - INFO - Stock viejo: 1
2026-08-03 10:27 - INFO - Stock nuevo:2
2026-08-03 10:27 - INFO - https://articulo.mercadolibre.com.ar/MLA-763963308-kit-4-neumaticos-michelin-20550r17-93w-primacy-4-_JM
2026-08-03 10:27 - INFO - 

2026-08-03 10:27 - INFO - Kit 2 Neumáticos Michelin 205/50r17 93w Primacy 4+ W
2026-08-03 10:27 - INFO - Sku: 681238
2026-08-03 10:27 - INFO - Precio viejo: 815200
2026-08-03 10:27 - INFO - Precio nuevo:839722
2026-08-03 10:27 - INFO - Stock viejo: 2
2026-08-03 10:27 - INFO - Stock nuevo:4
2026-08-03 10:27 - INFO - https://articulo.mercadolibre.com.ar/MLA-743730751-kit-2-neumaticos-michelin-20550r17-93w-primacy-4-w-_JM
2026-08-03 10:27 - INFO - 

2026-08-03 10:27 - INFO - Kit 4 Michelin 205/55r17 95w Primacy 3 Zp Run Flat
2026-08-03 10:27 - INFO - Sku: 390965
2026-08-03 10:27 - INFO - Precio viejo: 3235600
2026-08-03 10:27 - INFO - Precio nuevo:3332900
2026-08-03 10:27 - INFO - https://articulo.mercadolibre.com.ar/MLA-763117456-kit-4-michelin-20555r17-95w-primacy-3-zp-run-flat-_JM
2026-08-03 10:27 - INFO - 

2026-08-03 10:27 - INFO - Kit 2 Neumáticos Michelin 205/55r17 95w Primacy 3zp Run Flat W
2026-08-03 10:27 - INFO - Sku: 390965
2026-08-03 10:27 - INFO - Precio viejo: 1617800
2026-08-03 10:27 - INFO - Precio nuevo:1666450
2026-08-03 10:27 - INFO - https://articulo.mercadolibre.com.ar/MLA-670355004-kit-2-neumaticos-michelin-20555r17-95w-primacy-3zp-run-flat-w-_JM
2026-08-03 10:27 - INFO - 

2026-08-03 10:27 - INFO - Kit De 4 Neumáticos Michelin Auto Primacy 4 205/55r17 95
2026-08-03 10:27 - INFO - Sku: 643544
2026-08-03 10:27 - INFO - Precio viejo: 2440772.92
2026-08-03 10:27 - INFO - Precio nuevo:1448088
2026-08-03 10:27 - INFO - Stock viejo: 1
2026-08-03 10:27 - INFO - Stock nuevo:2
2026-08-03 10:27 - INFO - https://articulo.mercadolibre.com.ar/MLA-1789597098-kit-de-4-neumaticos-michelin-auto-primacy-4-20555r17-95-_JM
2026-08-03 10:27 - INFO - 

2026-08-03 10:27 - INFO - Kit 4 Neumáticos Michelin 205/55r17 95v Primacy 4+
2026-08-03 10:27 - INFO - Sku: 643544
2026-08-03 10:27 - INFO - Precio viejo: 1757200
2026-08-03 10:27 - INFO - Precio nuevo:1448088
2026-08-03 10:27 - INFO - Stock viejo: 1
2026-08-03 10:27 - INFO - Stock nuevo:2
2026-08-03 10:27 - INFO - https://articulo.mercadolibre.com.ar/MLA-781691375-kit-4-neumaticos-michelin-20555r17-95v-primacy-4-_JM
2026-08-03 10:27 - INFO - 

2026-08-03 10:27 - INFO - Kit 2 Neumáticos Michelin 205/55r17 95v Primacy 4+ V
2026-08-03 10:27 - INFO - Sku: 643544
2026-08-03 10:27 - INFO - Precio viejo: 878600
2026-08-03 10:27 - INFO - Precio nuevo:724044
2026-08-03 10:27 - INFO - Stock viejo: 2
2026-08-03 10:27 - INFO - Stock nuevo:5
2026-08-03 10:27 - INFO - https://articulo.mercadolibre.com.ar/MLA-763117439-kit-2-neumaticos-michelin-20555r17-95v-primacy-4-v-_JM
2026-08-03 10:27 - INFO - 

2026-08-03 10:27 - INFO - Kit 2 Neumáticos Michelin 215/40r17 87y Pilot Sport 5
2026-08-03 10:27 - INFO - Sku: 272776
2026-08-03 10:27 - INFO - Precio viejo: 1230800
2026-08-03 10:27 - INFO - Precio nuevo:1267672
2026-08-03 10:27 - INFO - https://articulo.mercadolibre.com.ar/MLA-743728621-kit-2-neumaticos-michelin-21540r17-87y-pilot-sport-5-_JM
2026-08-03 10:27 - INFO - 

2026-08-03 10:27 - INFO - Kit 4 Neumáticos Michelin 215/40r17 87y Pilot Sport 5
2026-08-03 10:27 - INFO - Sku: 272776
2026-08-03 10:27 - INFO - Precio viejo: 2461600
2026-08-03 10:27 - INFO - Precio nuevo:2535344
2026-08-03 10:27 - INFO - https://articulo.mercadolibre.com.ar/MLA-743728610-kit-4-neumaticos-michelin-21540r17-87y-pilot-sport-5-_JM
2026-08-03 10:27 - INFO - 

2026-08-03 10:27 - INFO - Kit 4 Neumaticos Bfgoodrich 215/45r17 91w G Force Phenom T/a
2026-08-03 10:27 - INFO - Sku: 984380
2026-08-03 10:27 - INFO - Precio viejo: 1202000
2026-08-03 10:27 - INFO - Precio nuevo:1201800
2026-08-03 10:27 - INFO - https://articulo.mercadolibre.com.ar/MLA-692179915-kit-4-neumaticos-bfgoodrich-21545r17-91w-g-force-phenom-ta-_JM
2026-08-03 10:27 - INFO - 

2026-08-03 10:27 - INFO - Kit 2 Neumáticos Bfgoodrich 215/45r17 91w Gforce Phenom T/a
2026-08-03 10:27 - INFO - Sku: 984380
2026-08-03 10:27 - INFO - Precio viejo: 601000
2026-08-03 10:27 - INFO - Precio nuevo:600900
2026-08-03 10:27 - INFO - https://articulo.mercadolibre.com.ar/MLA-743758794-kit-2-neumaticos-bfgoodrich-21545r17-91w-gforce-phenom-ta-_JM
2026-08-03 10:27 - INFO - 

2026-08-03 10:27 - INFO - Kit 4 Neumáticos Michelin 215/45r17 91y Pilot Sport 5
2026-08-03 10:27 - INFO - Sku: 217502
2026-08-03 10:27 - INFO - Precio viejo: 1998000
2026-08-03 10:27 - INFO - Precio nuevo:2099264
2026-08-03 10:27 - INFO - https://articulo.mercadolibre.com.ar/MLA-670799840-kit-4-neumaticos-michelin-21545r17-91y-pilot-sport-5-_JM
2026-08-03 10:27 - INFO - 

2026-08-03 10:27 - INFO - Kit X2 Neumáticos Michelin 215/45r17 91y Pilot Sport 5
2026-08-03 10:27 - INFO - Sku: 217502
2026-08-03 10:27 - INFO - Precio viejo: 999000
2026-08-03 10:27 - INFO - Precio nuevo:1049632
2026-08-03 10:27 - INFO - https://articulo.mercadolibre.com.ar/MLA-692175282-kit-x2-neumaticos-michelin-21545r17-91y-pilot-sport-5-_JM
2026-08-03 10:27 - INFO - 

2026-08-03 10:27 - INFO - Kit X4 Neumaticos Bfgoodrich 215/50r17 95v Advantage Touring V
2026-08-03 10:27 - INFO - Sku: 403710
2026-08-03 10:27 - INFO - Precio viejo: 1140000
2026-08-03 10:27 - INFO - Precio nuevo:1197180
2026-08-03 10:27 - INFO - https://articulo.mercadolibre.com.ar/MLA-1549865147-kit-x4-neumaticos-bfgoodrich-21550r17-95v-advantage-touring-v-_JM
2026-08-03 10:27 - INFO - 

2026-08-03 10:27 - INFO - Kit 2 Neumaticos Bfgoodrich 215/50r17 95v Advantage Touring V
2026-08-03 10:27 - INFO - Sku: 403710
2026-08-03 10:27 - INFO - Precio viejo: 570000
2026-08-03 10:27 - INFO - Precio nuevo:598590
2026-08-03 10:27 - INFO - https://articulo.mercadolibre.com.ar/MLA-1666882125-kit-2-neumaticos-bfgoodrich-21550r17-95v-advantage-touring-v-_JM
2026-08-03 10:27 - INFO - 

2026-08-03 10:27 - INFO - Neumático Michelin 215/50r17 95w Primacy 5 W
2026-08-03 10:27 - INFO - Sku: 864963
2026-08-03 10:27 - INFO - Stock viejo: 3
2026-08-03 10:27 - INFO - Stock nuevo:0
2026-08-03 10:27 - INFO - https://articulo.mercadolibre.com.ar/MLA-3386306664-neumatico-michelin-21550r17-95w-primacy-5-w-_JM 

2026-08-03 10:27 - INFO - Kit 4 Neumáticos Michelin 215/50r17 95w Primacy 5 W
2026-08-03 10:27 - INFO - Sku: 864963
2026-08-03 10:27 - INFO - Precio viejo: 1470000
2026-08-03 10:27 - INFO - Precio nuevo:1235648
2026-08-03 10:27 - INFO - Stock viejo: 1
2026-08-03 10:27 - INFO - Stock nuevo:3
2026-08-03 10:27 - INFO - https://articulo.mercadolibre.com.ar/MLA-3386294790-kit-4-neumaticos-michelin-21550r17-95w-primacy-5-w-_JM
2026-08-03 10:27 - INFO - 

2026-08-03 10:27 - INFO - Kit 2 Neumáticos Michelin 215/50r17 95w Primacy 5 W
2026-08-03 10:27 - INFO - Sku: 864963
2026-08-03 10:27 - INFO - Precio viejo: 735000
2026-08-03 10:27 - INFO - Precio nuevo:617824
2026-08-03 10:27 - INFO - Stock viejo: 2
2026-08-03 10:27 - INFO - Stock nuevo:6
2026-08-03 10:27 - INFO - https://articulo.mercadolibre.com.ar/MLA-3386294032-kit-2-neumaticos-michelin-21550r17-95w-primacy-5-w-_JM
2026-08-03 10:27 - INFO - 

2026-08-03 10:27 - INFO - Kit 4 Neumáticos Bfgoodrich 215/55r17 94v Advantage Touring W
2026-08-03 10:27 - INFO - Sku: 713313
2026-08-03 10:27 - INFO - Precio viejo: 1177600
2026-08-03 10:27 - INFO - Precio nuevo:1177712
2026-08-03 10:27 - INFO - Stock viejo: 1
2026-08-03 10:27 - INFO - Stock nuevo:2
2026-08-03 10:27 - INFO - https://articulo.mercadolibre.com.ar/MLA-680278706-kit-4-neumaticos-bfgoodrich-21555r17-94v-advantage-touring-w-_JM
2026-08-03 10:27 - INFO - 

2026-08-03 10:27 - INFO - Kit X2 Neumaticos Bfgoodrich 215/55r17 94v Advantage Touring
2026-08-03 10:27 - INFO - Sku: 713313
2026-08-03 10:27 - INFO - Precio viejo: 588800
2026-08-03 10:27 - INFO - Precio nuevo:588856
2026-08-03 10:27 - INFO - Stock viejo: 2
2026-08-03 10:27 - INFO - Stock nuevo:4
2026-08-03 10:27 - INFO - https://articulo.mercadolibre.com.ar/MLA-692175302-kit-x2-neumaticos-bfgoodrich-21555r17-94v-advantage-touring-_JM
2026-08-03 10:27 - INFO - 

2026-08-03 10:27 - INFO - Neumático Michelín 215/60r17 96h Primacy 4
2026-08-03 10:27 - INFO - Sku: 903727
2026-08-03 10:27 - INFO - Precio viejo: 222639.72
2026-08-03 10:27 - INFO - Precio nuevo:557400
2026-08-03 10:27 - INFO - Stock viejo: 0
2026-08-03 10:27 - INFO - Stock nuevo:5
2026-08-03 10:27 - INFO - https://articulo.mercadolibre.com.ar/MLA-763963299-neumatico-michelin-21560r17-96h-primacy-4-_JM
2026-08-03 10:27 - INFO - 

2026-08-03 10:27 - INFO - Kit 2 Neumáticos Michelín 215/60r17 96h Primacy 4
2026-08-03 10:27 - INFO - Sku: 903727
2026-08-03 10:27 - INFO - Precio viejo: 1105038.03
2026-08-03 10:27 - INFO - Precio nuevo:1114800
2026-08-03 10:27 - INFO - https://articulo.mercadolibre.com.ar/MLA-763963320-kit-2-neumaticos-michelin-21560r17-96h-primacy-4-_JM
2026-08-03 10:27 - INFO - 

2026-08-03 10:27 - INFO - Kit 4 Neumáticos Michelin 215/60r17 96h Primacy 4
2026-08-03 10:27 - INFO - Sku: 903727
2026-08-03 10:27 - INFO - Precio viejo: 2353096.49
2026-08-03 10:27 - INFO - Precio nuevo:2229600
2026-08-03 10:27 - INFO - https://articulo.mercadolibre.com.ar/MLA-763963315-kit-4-neumaticos-michelin-21560r17-96h-primacy-4-_JM
2026-08-03 10:27 - INFO - 

2026-08-03 10:27 - INFO - Neumático Michelin 215/65r17 103v Primacy 4+
2026-08-03 10:27 - INFO - Sku: 270015
2026-08-03 10:27 - INFO - Stock viejo: 4
2026-08-03 10:27 - INFO - Stock nuevo:0
2026-08-03 10:27 - INFO - https://articulo.mercadolibre.com.ar/MLA-743762999-neumatico-michelin-21565r17-103v-primacy-4-_JM 

2026-08-03 10:27 - INFO - Kit 2 Neumáticos Michelin 215/65r17 103v Primacy 4+ V
2026-08-03 10:27 - INFO - Sku: 270015
2026-08-03 10:27 - INFO - Precio viejo: 1036600
2026-08-03 10:27 - INFO - Precio nuevo:1036524
2026-08-03 10:27 - INFO - https://articulo.mercadolibre.com.ar/MLA-743730264-kit-2-neumaticos-michelin-21565r17-103v-primacy-4-v-_JM
2026-08-03 10:27 - INFO - 

2026-08-03 10:27 - INFO - Kit 4 Neumáticos Michelin 215/65r17 103v Primacy 4+ V
2026-08-03 10:27 - INFO - Sku: 270015
2026-08-03 10:27 - INFO - Precio viejo: 2073200
2026-08-03 10:27 - INFO - Precio nuevo:2073048
2026-08-03 10:27 - INFO - https://articulo.mercadolibre.com.ar/MLA-743730268-kit-4-neumaticos-michelin-21565r17-103v-primacy-4-v-_JM
2026-08-03 10:27 - INFO - 

2026-08-03 10:27 - INFO - Kit 4 Neumáticos Bfgoodrich 225/45r17 94w G-force Phenom T/a Y
2026-08-03 10:27 - INFO - Sku: 126824
2026-08-03 10:27 - INFO - Precio viejo: 1106400
2026-08-03 10:27 - INFO - Precio nuevo:1106496
2026-08-03 10:27 - INFO - Stock viejo: 0
2026-08-03 10:27 - INFO - Stock nuevo:1
2026-08-03 10:27 - INFO - https://articulo.mercadolibre.com.ar/MLA-680278540-kit-4-neumaticos-bfgoodrich-22545r17-94w-g-force-phenom-ta-y-_JM
2026-08-03 10:27 - INFO - 

2026-08-03 10:27 - INFO - Kit 2 Neumáticos Bfgoodrich 225/45r17 94w G-force Phenom T/a Y
2026-08-03 10:27 - INFO - Sku: 126824
2026-08-03 10:27 - INFO - Precio viejo: 553200
2026-08-03 10:27 - INFO - Precio nuevo:553248
2026-08-03 10:27 - INFO - https://articulo.mercadolibre.com.ar/MLA-670354959-kit-2-neumaticos-bfgoodrich-22545r17-94w-g-force-phenom-ta-y-_JM
2026-08-03 10:27 - INFO - 

2026-08-03 10:27 - INFO - Kit 4 Neumáticos Michelin 225/45r17 91w Primacy 3 Zp Runflat
2026-08-03 10:27 - INFO - Sku: 507226
2026-08-03 10:27 - INFO - Precio viejo: 2295200
2026-08-03 10:27 - INFO - Precio nuevo:2363840
2026-08-03 10:27 - INFO - https://articulo.mercadolibre.com.ar/MLA-763963341-kit-4-neumaticos-michelin-22545r17-91w-primacy-3-zp-runflat-_JM
2026-08-03 10:27 - INFO - 

2026-08-03 10:27 - INFO - Kit 2 Neumáticos Michelin 225/45r17 91w Primacy 3 Zp Runflat
2026-08-03 10:27 - INFO - Sku: 507226
2026-08-03 10:27 - INFO - Precio viejo: 1147600
2026-08-03 10:27 - INFO - Precio nuevo:1181920
2026-08-03 10:27 - INFO - Stock viejo: 2
2026-08-03 10:27 - INFO - Stock nuevo:3
2026-08-03 10:27 - INFO - https://articulo.mercadolibre.com.ar/MLA-763963326-kit-2-neumaticos-michelin-22545r17-91w-primacy-3-zp-runflat-_JM
2026-08-03 10:27 - INFO - 

2026-08-03 10:27 - INFO - Kit 2 Neumáticos Michelin 225/45r17 94w Primacy 4+ W
2026-08-03 10:27 - INFO - Sku: 620611
2026-08-03 10:27 - INFO - Precio viejo: 735600
2026-08-03 10:27 - INFO - Precio nuevo:606136
2026-08-03 10:27 - INFO - Stock viejo: 2
2026-08-03 10:27 - INFO - Stock nuevo:1
2026-08-03 10:27 - INFO - https://articulo.mercadolibre.com.ar/MLA-743730380-kit-2-neumaticos-michelin-22545r17-94w-primacy-4-w-_JM
2026-08-03 10:27 - INFO - 

2026-08-03 10:27 - INFO - Neumático Michelin 225/45r17 94w Primacy 4+
2026-08-03 10:27 - INFO - Sku: 620611
2026-08-03 10:27 - INFO - Precio viejo: 367800
2026-08-03 10:27 - INFO - Precio nuevo:303068
2026-08-03 10:27 - INFO - Stock viejo: 8
2026-08-03 10:27 - INFO - Stock nuevo:3
2026-08-03 10:27 - INFO - https://articulo.mercadolibre.com.ar/MLA-692175198-neumatico-michelin-22545r17-94w-primacy-4-_JM
2026-08-03 10:27 - INFO - 

2026-08-03 10:27 - INFO - Kit 4 Neumáticos Michelin 225/45r17 94w Primacy 5 W
2026-08-03 10:27 - INFO - Sku: 740443
2026-08-03 10:27 - INFO - Precio viejo: 1212000
2026-08-03 10:27 - INFO - Precio nuevo:1212272
2026-08-03 10:27 - INFO - Stock viejo: 1
2026-08-03 10:27 - INFO - Stock nuevo:4
2026-08-03 10:27 - INFO - https://articulo.mercadolibre.com.ar/MLA-3503401242-kit-4-neumaticos-michelin-22545r17-94w-primacy-5-w-_JM
2026-08-03 10:27 - INFO - 

2026-08-03 10:27 - INFO - Kit 2 Neumáticos Michelin 225/45r17 94w Primacy 5 W
2026-08-03 10:27 - INFO - Sku: 740443
2026-08-03 10:27 - INFO - Precio viejo: 606000
2026-08-03 10:27 - INFO - Precio nuevo:606136
2026-08-03 10:27 - INFO - Stock viejo: 1
2026-08-03 10:27 - INFO - Stock nuevo:8
2026-08-03 10:27 - INFO - https://articulo.mercadolibre.com.ar/MLA-1851973751-kit-2-neumaticos-michelin-22545r17-94w-primacy-5-w-_JM
2026-08-03 10:27 - INFO - 

2026-08-03 10:27 - INFO - Kit 2 Neumaticos Michelin 225/45r17 94y Pilot Sport 5
2026-08-03 10:27 - INFO - Sku: 371721
2026-08-03 10:27 - INFO - Precio viejo: 1010200
2026-08-03 10:27 - INFO - Precio nuevo:1040508
2026-08-03 10:27 - INFO - https://articulo.mercadolibre.com.ar/MLA-680278171-kit-2-neumaticos-michelin-22545r17-94y-pilot-sport-5-_JM
2026-08-03 10:27 - INFO - 

2026-08-03 10:27 - INFO - Kit 4 Neu. Michelin 225/45r17 94y Pilot Sport 5
2026-08-03 10:27 - INFO - Sku: 371721
2026-08-03 10:27 - INFO - Precio viejo: 2020400
2026-08-03 10:27 - INFO - Precio nuevo:2081016
2026-08-03 10:27 - INFO - https://articulo.mercadolibre.com.ar/MLA-670798816-kit-4-neu-michelin-22545r17-94y-pilot-sport-5-_JM
2026-08-03 10:27 - INFO - 

2026-08-03 10:27 - INFO - Kit 4 Neumáticos Bfgoodrich 225/50r17 98v Advantage Touring W
2026-08-03 10:27 - INFO - Sku: 251064
2026-08-03 10:27 - INFO - Precio viejo: 1183200
2026-08-03 10:27 - INFO - Precio nuevo:1183376
2026-08-03 10:27 - INFO - Stock viejo: 1
2026-08-03 10:27 - INFO - Stock nuevo:2
2026-08-03 10:27 - INFO - https://articulo.mercadolibre.com.ar/MLA-781691407-kit-4-neumaticos-bfgoodrich-22550r17-98v-advantage-touring-w-_JM
2026-08-03 10:27 - INFO - 

2026-08-03 10:27 - INFO - Kit 2 Neumáticos Bfgoodrich 225/50r17 98v Advantage Touring V
2026-08-03 10:27 - INFO - Sku: 251064
2026-08-03 10:27 - INFO - Precio viejo: 591600
2026-08-03 10:27 - INFO - Precio nuevo:591688
2026-08-03 10:27 - INFO - https://articulo.mercadolibre.com.ar/MLA-1666924219-kit-2-neumaticos-bfgoodrich-22550r17-98v-advantage-touring-v-_JM
2026-08-03 10:27 - INFO - 

2026-08-03 10:27 - INFO - Kit 2 Neu. Michellin 225/50r17 94w Primacy 3 Zp Run Flat
2026-08-03 10:27 - INFO - Sku: 721907
2026-08-03 10:27 - INFO - Precio viejo: 1615200
2026-08-03 10:27 - INFO - Precio nuevo:1663732
2026-08-03 10:27 - INFO - https://articulo.mercadolibre.com.ar/MLA-781691413-kit-2-neu-michellin-22550r17-94w-primacy-3-zp-run-flat-_JM
2026-08-03 10:27 - INFO - 

2026-08-03 10:27 - INFO - Kit 4 Neumáticos Michelin 225/50r17 94w Primacy 3 Zp Runflat
2026-08-03 10:27 - INFO - Sku: 721907
2026-08-03 10:27 - INFO - Precio viejo: 3230400
2026-08-03 10:27 - INFO - Precio nuevo:3327464
2026-08-03 10:27 - INFO - https://articulo.mercadolibre.com.ar/MLA-781691414-kit-4-neumaticos-michelin-22550r17-94w-primacy-3-zp-runflat-_JM
2026-08-03 10:27 - INFO - 

2026-08-03 10:27 - INFO - Kit 2 Neumáticos Michelin 225/50r17 98y Primacy 4+ Y
2026-08-03 10:27 - INFO - Sku: 900309
2026-08-03 10:27 - INFO - Precio viejo: 800884
2026-08-03 10:27 - INFO - Precio nuevo:800882
2026-08-03 10:27 - INFO - https://articulo.mercadolibre.com.ar/MLA-670355020-kit-2-neumaticos-michelin-22550r17-98y-primacy-4-y-_JM
2026-08-03 10:27 - INFO - 

2026-08-03 10:27 - INFO - Kit De 4 Neumáticos Michelin Passeio Primacy 4+ P 225/50r17 98 Y
2026-08-03 10:27 - INFO - Sku: 900309
2026-08-03 10:27 - INFO - Precio viejo: 1436234.47
2026-08-03 10:27 - INFO - Precio nuevo:1601764
2026-08-03 10:27 - INFO - https://articulo.mercadolibre.com.ar/MLA-1451827711-kit-de-4-neumaticos-michelin-passeio-primacy-4-p-22550r17-98-y-_JM
2026-08-03 10:27 - INFO - 

2026-08-03 10:27 - INFO - Kit 4 Neumáticos Michelin 225/50r17 98y Primacy 4+
2026-08-03 10:27 - INFO - Sku: 900309
2026-08-03 10:27 - INFO - Precio viejo: 1601768
2026-08-03 10:27 - INFO - Precio nuevo:1601764
2026-08-03 10:27 - INFO - https://articulo.mercadolibre.com.ar/MLA-670798905-kit-4-neumaticos-michelin-22550r17-98y-primacy-4-_JM
2026-08-03 10:27 - INFO - 

2026-08-03 10:27 - INFO - Kit 2 Neumáticos Michelin 225/55r17 97y Primacy 3 Zp* Moe 
2026-08-03 10:27 - INFO - Sku: 743304
2026-08-03 10:27 - INFO - Precio viejo: 334838.98
2026-08-03 10:27 - INFO - Precio nuevo:1485980
2026-08-03 10:27 - INFO - Stock viejo: 0
2026-08-03 10:27 - INFO - Stock nuevo:2
2026-08-03 10:27 - INFO - https://articulo.mercadolibre.com.ar/MLA-743730020-kit-2-neumaticos-michelin-22555r17-97y-primacy-3-zp-moe-_JM
2026-08-03 10:27 - INFO - 

2026-08-03 10:27 - INFO - Kit 2 Neumáticos Michelin 225/55r17 97y Primacy 3 Zp Runflat
2026-08-03 10:27 - INFO - Sku: 743304
2026-08-03 10:27 - INFO - Precio viejo: 1598800
2026-08-03 10:27 - INFO - Precio nuevo:1679804
2026-08-03 10:27 - INFO - https://articulo.mercadolibre.com.ar/MLA-743762777-kit-2-neumaticos-michelin-22555r17-97y-primacy-3-zp-runflat-_JM
2026-08-03 10:27 - INFO - 

2026-08-03 10:27 - INFO - Kit 4 Neumáticos Michelin 225/55r17 97y Primacy 3 Zp Runflat
2026-08-03 10:27 - INFO - Sku: 743304
2026-08-03 10:27 - INFO - Precio viejo: 3197600
2026-08-03 10:27 - INFO - Precio nuevo:3359608
2026-08-03 10:27 - INFO - https://articulo.mercadolibre.com.ar/MLA-743762775-kit-4-neumaticos-michelin-22555r17-97y-primacy-3-zp-runflat-_JM
2026-08-03 10:27 - INFO - 

2026-08-03 10:27 - INFO - Kit 2 Neumáticos Michelin 225/55r17 101w Primacy 4+ W
2026-08-03 10:27 - INFO - Sku: 567574
2026-08-03 10:27 - INFO - Precio viejo: 1279200
2026-08-03 10:27 - INFO - Precio nuevo:1025270
2026-08-03 10:27 - INFO - https://articulo.mercadolibre.com.ar/MLA-680278345-kit-2-neumaticos-michelin-22555r17-101w-primacy-4-w-_JM
2026-08-03 10:27 - INFO - 

2026-08-03 10:27 - INFO - Kit 4 Neumáticos Michelin 225/55r17 101w Primacy 4+
2026-08-03 10:27 - INFO - Sku: 567574
2026-08-03 10:27 - INFO - Precio viejo: 2558400
2026-08-03 10:27 - INFO - Precio nuevo:2050540
2026-08-03 10:27 - INFO - https://articulo.mercadolibre.com.ar/MLA-763963395-kit-4-neumaticos-michelin-22555r17-101w-primacy-4-_JM
2026-08-03 10:27 - INFO - 

2026-08-03 10:27 - INFO - Kit 2 Neumáticos Bfgoodrich 225/60r17 99h Advantage Touring H
2026-08-03 10:27 - INFO - Sku: 528180
2026-08-03 10:27 - INFO - Precio viejo: 672600
2026-08-03 10:27 - INFO - Precio nuevo:672666
2026-08-03 10:27 - INFO - Stock viejo: 2
2026-08-03 10:27 - INFO - Stock nuevo:4
2026-08-03 10:27 - INFO - https://articulo.mercadolibre.com.ar/MLA-1708263645-kit-2-neumaticos-bfgoodrich-22560r17-99h-advantage-touring-h-_JM
2026-08-03 10:27 - INFO - 

2026-08-03 10:27 - INFO - Kit 4 Neumáticos Bfgoodrich 225/60r17 99h Advantage Touring H
2026-08-03 10:27 - INFO - Sku: 528180
2026-08-03 10:27 - INFO - Precio viejo: 1345200
2026-08-03 10:27 - INFO - Precio nuevo:1345332
2026-08-03 10:27 - INFO - Stock viejo: 1
2026-08-03 10:27 - INFO - Stock nuevo:2
2026-08-03 10:27 - INFO - https://articulo.mercadolibre.com.ar/MLA-1708277925-kit-4-neumaticos-bfgoodrich-22560r17-99h-advantage-touring-h-_JM
2026-08-03 10:27 - INFO - 

2026-08-03 10:27 - INFO - Kit 4 Neumáticos Michelin 225/60r17 99v Primacy Suv+ V
2026-08-03 10:27 - INFO - Sku: 206074
2026-08-03 10:27 - INFO - Precio viejo: 2913200
2026-08-03 10:27 - INFO - Precio nuevo:2913220
2026-08-03 10:27 - INFO - https://articulo.mercadolibre.com.ar/MLA-680278721-kit-4-neumaticos-michelin-22560r17-99v-primacy-suv-v-_JM
2026-08-03 10:27 - INFO - 

2026-08-03 10:27 - INFO - Kit 2 Neumáticos Michelin 225/60r17 99v Primacy Suv+ V
2026-08-03 10:27 - INFO - Sku: 206074
2026-08-03 10:27 - INFO - Precio viejo: 1456600
2026-08-03 10:27 - INFO - Precio nuevo:1456610
2026-08-03 10:27 - INFO - https://articulo.mercadolibre.com.ar/MLA-670355660-kit-2-neumaticos-michelin-22560r17-99v-primacy-suv-v-_JM
2026-08-03 10:27 - INFO - 

2026-08-03 10:27 - INFO - Kit 4 Neumáticos Bfgoodrich 225/65r17 102h Advantage Touring
2026-08-03 10:27 - INFO - Sku: 577410
2026-08-03 10:27 - INFO - Precio viejo: 1396000
2026-08-03 10:27 - INFO - Precio nuevo:1266820
2026-08-03 10:27 - INFO - Stock viejo: 1
2026-08-03 10:27 - INFO - Stock nuevo:3
2026-08-03 10:27 - INFO - https://articulo.mercadolibre.com.ar/MLA-743728345-kit-4-neumaticos-bfgoodrich-22565r17-102h-advantage-touring-_JM
2026-08-03 10:27 - INFO - 

2026-08-03 10:27 - INFO - Kit 4 Neumaticos Bfgoodrich 225/65r17 107s At T/a Ko3 S
2026-08-03 10:27 - INFO - Sku: 449447
2026-08-03 10:27 - INFO - Precio viejo: 2621664.37
2026-08-03 10:27 - INFO - Precio nuevo:2744248
2026-08-03 10:27 - INFO - https://articulo.mercadolibre.com.ar/MLA-1559036501-kit-4-neumaticos-bfgoodrich-22565r17-107s-at-ta-ko3-s-_JM
2026-08-03 10:27 - INFO - 

2026-08-03 10:27 - INFO - Kit 2 Neumáticos Bfgoodrich 225/65r17 107s At T/a Ko3 S
2026-08-03 10:27 - INFO - Sku: 449447
2026-08-03 10:27 - INFO - Precio viejo: 1332000
2026-08-03 10:27 - INFO - Precio nuevo:1372124
2026-08-03 10:27 - INFO - Stock viejo: 1
2026-08-03 10:27 - INFO - Stock nuevo:3
2026-08-03 10:27 - INFO - https://articulo.mercadolibre.com.ar/MLA-1852535921-kit-2-neumaticos-bfgoodrich-22565r17-107s-at-ta-ko3-s-_JM
2026-08-03 10:27 - INFO - 

2026-08-03 10:27 - INFO - Neumático Michelin 225/65r17 106h Ltx Force 
2026-08-03 10:27 - INFO - Sku: 208035
2026-08-03 10:27 - INFO - Stock viejo: 4
2026-08-03 10:27 - INFO - Stock nuevo:0
2026-08-03 10:27 - INFO - https://articulo.mercadolibre.com.ar/MLA-743758627-neumatico-michelin-22565r17-106h-ltx-force-_JM 

2026-08-03 10:27 - INFO - Kit 2 Neumáticos Michelin 225/65r17 106h Ltx Force 
2026-08-03 10:27 - INFO - Sku: 208035
2026-08-03 10:27 - INFO - Precio viejo: 248673.35
2026-08-03 10:27 - INFO - Precio nuevo:667572
2026-08-03 10:27 - INFO - Stock viejo: 0
2026-08-03 10:27 - INFO - Stock nuevo:4
2026-08-03 10:27 - INFO - https://articulo.mercadolibre.com.ar/MLA-743728350-kit-2-neumaticos-michelin-22565r17-106h-ltx-force-_JM
2026-08-03 10:27 - INFO - 

2026-08-03 10:27 - INFO - Kit 2 Neumáticos Michelin 225/65r17 106h Ltx Force  H
2026-08-03 10:27 - INFO - Sku: 208035
2026-08-03 10:27 - INFO - Precio viejo: 915800
2026-08-03 10:27 - INFO - Precio nuevo:754646
2026-08-03 10:27 - INFO - https://articulo.mercadolibre.com.ar/MLA-743758631-kit-2-neumaticos-michelin-22565r17-106h-ltx-force-h-_JM
2026-08-03 10:27 - INFO - 

2026-08-03 10:27 - INFO - Kit 4 Neumáticos Michelin 225/65r17 106h Ltx Force  H
2026-08-03 10:27 - INFO - Sku: 208035
2026-08-03 10:27 - INFO - Precio viejo: 1831600
2026-08-03 10:27 - INFO - Precio nuevo:1509292
2026-08-03 10:27 - INFO - https://articulo.mercadolibre.com.ar/MLA-743758629-kit-4-neumaticos-michelin-22565r17-106h-ltx-force-h-_JM
2026-08-03 10:27 - INFO - 

2026-08-03 10:27 - INFO - Kit 4 Neumáticos Michelin 225/65r17 106h Primacy Suv+ H
2026-08-03 10:27 - INFO - Sku: 294826
2026-08-03 10:27 - INFO - Precio viejo: 1940800
2026-08-03 10:27 - INFO - Precio nuevo:1940520
2026-08-03 10:27 - INFO - https://articulo.mercadolibre.com.ar/MLA-680278537-kit-4-neumaticos-michelin-22565r17-106h-primacy-suv-h-_JM
2026-08-03 10:27 - INFO - 

2026-08-03 10:27 - INFO - Kit 2 Neumáticos Michelin 225/65r17 106h Primacy 4 Suv+ H
2026-08-03 10:27 - INFO - Sku: 294826
2026-08-03 10:27 - INFO - Precio viejo: 970400
2026-08-03 10:27 - INFO - Precio nuevo:970260
2026-08-03 10:27 - INFO - https://articulo.mercadolibre.com.ar/MLA-670354942-kit-2-neumaticos-michelin-22565r17-106h-primacy-4-suv-h-_JM
2026-08-03 10:27 - INFO - 

2026-08-03 10:27 - INFO - Kit 4 Neumáticos Bfgoodrich 225/65r17 102t Trail Terrain T/a T
2026-08-03 10:27 - INFO - Sku: 946785
2026-08-03 10:27 - INFO - Precio viejo: 2383600
2026-08-03 10:27 - INFO - Precio nuevo:2455404
2026-08-03 10:27 - INFO - Stock viejo: 1
2026-08-03 10:27 - INFO - Stock nuevo:2
2026-08-03 10:27 - INFO - https://articulo.mercadolibre.com.ar/MLA-680278831-kit-4-neumaticos-bfgoodrich-22565r17-102t-trail-terrain-ta-t-_JM
2026-08-03 10:27 - INFO - 

2026-08-03 10:27 - INFO - Kit 4 Neumáticos Bfgoodrich 225/70r17 110t At T/a Ko3 Rwl T
2026-08-03 10:27 - INFO - Sku: 934745
2026-08-03 10:27 - INFO - Precio viejo: 2929200
2026-08-03 10:27 - INFO - Precio nuevo:3017068
2026-08-03 10:27 - INFO - https://articulo.mercadolibre.com.ar/MLA-3443232104-kit-4-neumaticos-bfgoodrich-22570r17-110t-at-ta-ko3-rwl-t-_JM
2026-08-03 10:27 - INFO - 

2026-08-03 10:27 - INFO - Kit 4 Neumáticos Michelin 235/45r17 97w Primacy 4+
2026-08-03 10:27 - INFO - Sku: 212105
2026-08-03 10:27 - INFO - Precio viejo: 1884800
2026-08-03 10:27 - INFO - Precio nuevo:1884776
2026-08-03 10:27 - INFO - https://articulo.mercadolibre.com.ar/MLA-763963405-kit-4-neumaticos-michelin-23545r17-97w-primacy-4-_JM
2026-08-03 10:27 - INFO - 

2026-08-03 10:27 - INFO - Kit 2 Neumáticos Michelin 235/45r17 97w Primacy 4+
2026-08-03 10:27 - INFO - Sku: 212105
2026-08-03 10:27 - INFO - Precio viejo: 942400
2026-08-03 10:27 - INFO - Precio nuevo:942388
2026-08-03 10:27 - INFO - https://articulo.mercadolibre.com.ar/MLA-763963385-kit-2-neumaticos-michelin-23545r17-97w-primacy-4-_JM
2026-08-03 10:27 - INFO - 

2026-08-03 10:27 - INFO - Kit 2 Neumáticos Michelin 235/55r17 103y Primacy 4+
2026-08-03 10:27 - INFO - Sku: 969447
2026-08-03 10:27 - INFO - Precio viejo: 1339400
2026-08-03 10:27 - INFO - Precio nuevo:1379668
2026-08-03 10:27 - INFO - https://articulo.mercadolibre.com.ar/MLA-763963420-kit-2-neumaticos-michelin-23555r17-103y-primacy-4-_JM
2026-08-03 10:27 - INFO - 

2026-08-03 10:27 - INFO - Kit 4 Neumáticos Michelin 235/55r17 103y Primacy 4+
2026-08-03 10:27 - INFO - Sku: 969447
2026-08-03 10:27 - INFO - Precio viejo: 2678800
2026-08-03 10:27 - INFO - Precio nuevo:2759336
2026-08-03 10:27 - INFO - https://articulo.mercadolibre.com.ar/MLA-763963433-kit-4-neumaticos-michelin-23555r17-103y-primacy-4-_JM
2026-08-03 10:27 - INFO - 

2026-08-03 10:27 - INFO - Kit 2 Neumáticos Michelin 235/60r17c 117r Agilis 3
2026-08-03 10:27 - INFO - Sku: 112640
2026-08-03 10:27 - INFO - Precio viejo: 1296600
2026-08-03 10:27 - INFO - Precio nuevo:1335568
2026-08-03 10:27 - INFO - https://articulo.mercadolibre.com.ar/MLA-743757275-kit-2-neumaticos-michelin-23560r17c-117r-agilis-3-_JM
2026-08-03 10:27 - INFO - 

2026-08-03 10:27 - INFO - Kit 4 Neumáticos Michelin 235/60r17c 117r Agilis 3
2026-08-03 10:27 - INFO - Sku: 112640
2026-08-03 10:27 - INFO - Precio viejo: 2593200
2026-08-03 10:27 - INFO - Precio nuevo:2671136
2026-08-03 10:27 - INFO - https://articulo.mercadolibre.com.ar/MLA-743728158-kit-4-neumaticos-michelin-23560r17c-117r-agilis-3-_JM
2026-08-03 10:27 - INFO - 

2026-08-03 10:27 - INFO - Kit 4 Neumáticos Michelin 235/65r17 108w Pilot Sport 4 Suv V
2026-08-03 10:27 - INFO - Sku: 278415
2026-08-03 10:27 - INFO - Precio viejo: 2707600
2026-08-03 10:27 - INFO - Precio nuevo:2535136
2026-08-03 10:27 - INFO - https://articulo.mercadolibre.com.ar/MLA-814996455-kit-4-neumaticos-michelin-23565r17-108w-pilot-sport-4-suv-v-_JM
2026-08-03 10:27 - INFO - 

2026-08-03 10:27 - INFO - Kit 2 Neumáticos Michelin 235/65r17 108v Primacy Suv+ W
2026-08-03 10:27 - INFO - Sku: 352797
2026-08-03 10:27 - INFO - Precio viejo: 1107021.87
2026-08-03 10:27 - INFO - Precio nuevo:1121422
2026-08-03 10:27 - INFO - Stock viejo: 0
2026-08-03 10:27 - INFO - Stock nuevo:2
2026-08-03 10:27 - INFO - https://articulo.mercadolibre.com.ar/MLA-680278476-kit-2-neumaticos-michelin-23565r17-108v-primacy-suv-w-_JM
2026-08-03 10:27 - INFO - 

2026-08-03 10:27 - INFO - Kit 4 Neumáticos Michelin 235/65r17 108v Primacy Suv+ V
2026-08-03 10:27 - INFO - Sku: 352797
2026-08-03 10:27 - INFO - Precio viejo: 2395200
2026-08-03 10:27 - INFO - Precio nuevo:2242844
2026-08-03 10:27 - INFO - https://articulo.mercadolibre.com.ar/MLA-743729652-kit-4-neumaticos-michelin-23565r17-108v-primacy-suv-v-_JM
2026-08-03 10:27 - INFO - 

2026-08-03 10:27 - INFO - Kit 2 Neumáticos Michelin 245/40r17 95y Pilot Sport 5 Y
2026-08-03 10:27 - INFO - Sku: 047730
2026-08-03 10:27 - INFO - Precio viejo: 1518400
2026-08-03 10:27 - INFO - Precio nuevo:1563808
2026-08-03 10:27 - INFO - https://articulo.mercadolibre.com.ar/MLA-670355681-kit-2-neumaticos-michelin-24540r17-95y-pilot-sport-5-y-_JM
2026-08-03 10:27 - INFO - 

2026-08-03 10:27 - INFO - Kit 4 Neumáticos Michelin 245/65r17 111t Ltx Force T
2026-08-03 10:27 - INFO - Sku: 780164
2026-08-03 10:27 - INFO - Precio viejo: 2526794.65
2026-08-03 10:27 - INFO - Precio nuevo:2561444
2026-08-03 10:27 - INFO - Stock viejo: 0
2026-08-03 10:27 - INFO - Stock nuevo:2
2026-08-03 10:27 - INFO - https://articulo.mercadolibre.com.ar/MLA-680278552-kit-4-neumaticos-michelin-24565r17-111t-ltx-force-t-_JM
2026-08-03 10:27 - INFO - 

2026-08-03 10:27 - INFO - Kit 2 Neumáticos Michelin 245/65r17 111t Ltx Force T
2026-08-03 10:27 - INFO - Sku: 780164
2026-08-03 10:27 - INFO - Precio viejo: 1255816.94
2026-08-03 10:27 - INFO - Precio nuevo:1280722
2026-08-03 10:27 - INFO - Stock viejo: 6
2026-08-03 10:27 - INFO - Stock nuevo:4
2026-08-03 10:27 - INFO - https://articulo.mercadolibre.com.ar/MLA-670354969-kit-2-neumaticos-michelin-24565r17-111t-ltx-force-t-_JM
2026-08-03 10:27 - INFO - 

2026-08-03 10:27 - INFO - Kit 4 Neumáticos Bfgoodrich 245/65r17 111t Trail Terrain T/a Q
2026-08-03 10:27 - INFO - Sku: 337832
2026-08-03 10:27 - INFO - Precio viejo: 2850400
2026-08-03 10:27 - INFO - Precio nuevo:2850444
2026-08-03 10:27 - INFO - https://articulo.mercadolibre.com.ar/MLA-814996913-kit-4-neumaticos-bfgoodrich-24565r17-111t-trail-terrain-ta-q-_JM
2026-08-03 10:27 - INFO - 

2026-08-03 10:27 - INFO - Kit 4 Neumáticos Michelin 255/65r17 110h Primacy Suv+
2026-08-03 10:27 - INFO - Sku: 094817
2026-08-03 10:27 - INFO - Precio viejo: 2209786.05
2026-08-03 10:27 - INFO - Precio nuevo:2356308
2026-08-03 10:27 - INFO - https://articulo.mercadolibre.com.ar/MLA-743729111-kit-4-neumaticos-michelin-25565r17-110h-primacy-suv-_JM
2026-08-03 10:27 - INFO - 

2026-08-03 10:27 - INFO - Kit 4 Neumáticos Michelin 255/65r17 110h Primacy Suv+
2026-08-03 10:27 - INFO - Sku: 094817
2026-08-03 10:27 - INFO - Precio viejo: 2366751.67
2026-08-03 10:27 - INFO - Precio nuevo:2663652
2026-08-03 10:27 - INFO - Stock viejo: 0
2026-08-03 10:27 - INFO - Stock nuevo:1
2026-08-03 10:27 - INFO - https://articulo.mercadolibre.com.ar/MLA-743761739-kit-4-neumaticos-michelin-25565r17-110h-primacy-suv-_JM
2026-08-03 10:27 - INFO - 

2026-08-03 10:27 - INFO - Kit 2 Neumáticos Michelin 255/65r17 110h Primacy Suv+
2026-08-03 10:27 - INFO - Sku: 094817
2026-08-03 10:27 - INFO - Precio viejo: 1293000
2026-08-03 10:27 - INFO - Precio nuevo:1331826
2026-08-03 10:27 - INFO - https://articulo.mercadolibre.com.ar/MLA-743755786-kit-2-neumaticos-michelin-25565r17-110h-primacy-suv-_JM
2026-08-03 10:27 - INFO - 

2026-08-03 10:27 - INFO - Kit 4 Neumáticos Bfgoodrich 255/70r17 112t Trail Terrain Ta 
2026-08-03 10:27 - INFO - Sku: 299132
2026-08-03 10:27 - INFO - Precio viejo: 3239600
2026-08-03 10:27 - INFO - Precio nuevo:3337100
2026-08-03 10:27 - INFO - https://articulo.mercadolibre.com.ar/MLA-743755247-kit-4-neumaticos-bfgoodrich-25570r17-112t-trail-terrain-ta-_JM
2026-08-03 10:27 - INFO - 

2026-08-03 10:27 - INFO - Kit 4 Neumáticos Bfgoodrich 255/75r17 111q Mud T/a Tr Km3 Q
2026-08-03 10:27 - INFO - Sku: 347491
2026-08-03 10:27 - INFO - Precio viejo: 3999600
2026-08-03 10:27 - INFO - Precio nuevo:4056336
2026-08-03 10:27 - INFO - https://articulo.mercadolibre.com.ar/MLA-839134786-kit-4-neumaticos-bfgoodrich-25575r17-111q-mud-ta-tr-km3-q-_JM
2026-08-03 10:27 - INFO - 

2026-08-03 10:27 - INFO - Kit 2 Neumáticos Bfgoodrich 255/75r17 111q Mud T/a Tr Km3
2026-08-03 10:27 - INFO - Sku: 347491
2026-08-03 10:27 - INFO - Precio viejo: 1999800
2026-08-03 10:27 - INFO - Precio nuevo:2028168
2026-08-03 10:27 - INFO - https://articulo.mercadolibre.com.ar/MLA-3101063292-kit-2-neumaticos-bfgoodrich-25575r17-111q-mud-ta-tr-km3-_JM
2026-08-03 10:27 - INFO - 

2026-08-03 10:27 - INFO - Kit 4 Neumáticos Bfgoodrich 265/65r17 112h Advantage Touring H
2026-08-03 10:27 - INFO - Sku: 402102
2026-08-03 10:27 - INFO - Precio viejo: 1665200
2026-08-03 10:27 - INFO - Precio nuevo:1665068
2026-08-03 10:27 - INFO - Stock viejo: 1
2026-08-03 10:27 - INFO - Stock nuevo:2
2026-08-03 10:27 - INFO - https://articulo.mercadolibre.com.ar/MLA-743730289-kit-4-neumaticos-bfgoodrich-26565r17-112h-advantage-touring-h-_JM
2026-08-03 10:27 - INFO - 

2026-08-03 10:27 - INFO - Kit 2 Neumáticos Bfgoodrich 265/65r17 112h Advantage Touring H
2026-08-03 10:27 - INFO - Sku: 402102
2026-08-03 10:27 - INFO - Precio viejo: 832600
2026-08-03 10:27 - INFO - Precio nuevo:832534
2026-08-03 10:27 - INFO - Stock viejo: 0
2026-08-03 10:27 - INFO - Stock nuevo:4
2026-08-03 10:27 - INFO - https://articulo.mercadolibre.com.ar/MLA-2907347128-kit-2-neumaticos-bfgoodrich-26565r17-112h-advantage-touring-h-_JM
2026-08-03 10:27 - INFO - 

2026-08-03 10:27 - INFO - Neumatico Michelin 265/65 R17 Ltx Trail St 112h H
2026-08-03 10:27 - INFO - Sku: 431065
2026-08-03 10:27 - INFO - Stock viejo: 4
2026-08-03 10:27 - INFO - Stock nuevo:0
2026-08-03 10:27 - INFO - https://articulo.mercadolibre.com.ar/MLA-3640982484-neumatico-michelin-26565-r17-ltx-trail-st-112h-h-_JM 

2026-08-03 10:27 - INFO - Neumático Michelin 265/65r17 Ltx Trail St H
2026-08-03 10:27 - INFO - Sku: 431065
2026-08-03 10:27 - INFO - Stock viejo: 4
2026-08-03 10:27 - INFO - Stock nuevo:0
2026-08-03 10:27 - INFO - https://articulo.mercadolibre.com.ar/MLA-3640982482-neumatico-michelin-26565r17-ltx-trail-st-h-_JM 

2026-08-03 10:27 - INFO - Kit De 2 Neumáticos Michelin Ltx Trail Ltx Trail Lt 265/65r17 112 H
2026-08-03 10:27 - INFO - Sku: 431065
2026-08-03 10:27 - INFO - Precio viejo: 994800
2026-08-03 10:27 - INFO - Precio nuevo:819656
2026-08-03 10:27 - INFO - Stock viejo: 0
2026-08-03 10:27 - INFO - Stock nuevo:8
2026-08-03 10:27 - INFO - https://articulo.mercadolibre.com.ar/MLA-2302022028-kit-de-2-neumaticos-michelin-ltx-trail-ltx-trail-lt-26565r17-112-h-_JM
2026-08-03 10:27 - INFO - 

2026-08-03 10:27 - INFO - Kit 2 Neumáticos Michelin 265/65r17 112h Ltx Trail St H
2026-08-03 10:27 - INFO - Sku: 431065
2026-08-03 10:27 - INFO - Precio viejo: 819658
2026-08-03 10:27 - INFO - Precio nuevo:819656
2026-08-03 10:27 - INFO - Stock viejo: 4
2026-08-03 10:27 - INFO - Stock nuevo:8
2026-08-03 10:27 - INFO - https://articulo.mercadolibre.com.ar/MLA-1910436237-kit-2-neumaticos-michelin-26565r17-112h-ltx-trail-st-h-_JM
2026-08-03 10:27 - INFO - 

2026-08-03 10:27 - INFO - Kit 4 Neumáticos Michelin 265/65r17 112h Ltx Trail St H
2026-08-03 10:27 - INFO - Sku: 431065
2026-08-03 10:27 - INFO - Precio viejo: 1639316
2026-08-03 10:27 - INFO - Precio nuevo:1639312
2026-08-03 10:27 - INFO - Stock viejo: 1
2026-08-03 10:27 - INFO - Stock nuevo:4
2026-08-03 10:27 - INFO - https://articulo.mercadolibre.com.ar/MLA-3641779978-kit-4-neumaticos-michelin-26565r17-112h-ltx-trail-st-h-_JM
2026-08-03 10:27 - INFO - 

2026-08-03 10:27 - INFO - Kit 4 Neumáticos Bfgoodrich 265/65r17 112t Trail Terrain T/a Q
2026-08-03 10:27 - INFO - Sku: 158582
2026-08-03 10:27 - INFO - Precio viejo: 3181600
2026-08-03 10:27 - INFO - Precio nuevo:2949476
2026-08-03 10:27 - INFO - Stock viejo: 1
2026-08-03 10:27 - INFO - Stock nuevo:2
2026-08-03 10:27 - INFO - https://articulo.mercadolibre.com.ar/MLA-814996922-kit-4-neumaticos-bfgoodrich-26565r17-112t-trail-terrain-ta-q-_JM
2026-08-03 10:27 - INFO - 

2026-08-03 10:27 - INFO - Kit De 2 Neumáticos Bfgoodrich 265/65r17 112t Trail Terrain
2026-08-03 10:27 - INFO - Sku: 158582
2026-08-03 10:27 - INFO - Precio viejo: 1590800
2026-08-03 10:27 - INFO - Precio nuevo:1474738
2026-08-03 10:27 - INFO - Stock viejo: 2
2026-08-03 10:27 - INFO - Stock nuevo:4
2026-08-03 10:27 - INFO - https://articulo.mercadolibre.com.ar/MLA-3015822384-kit-de-2-neumaticos-bfgoodrich-26565r17-112t-trail-terrain-_JM
2026-08-03 10:27 - INFO - 

2026-08-03 10:27 - INFO - Kit 4 Neumáticos Michelin 265/65r17 112t Xlt A/s T
2026-08-03 10:27 - INFO - Sku: 169639
2026-08-03 10:27 - INFO - Precio viejo: 2058800
2026-08-03 10:27 - INFO - Precio nuevo:2120572
2026-08-03 10:27 - INFO - https://articulo.mercadolibre.com.ar/MLA-682853720-kit-4-neumaticos-michelin-26565r17-112t-xlt-as-t-_JM
2026-08-03 10:27 - INFO - 

2026-08-03 10:27 - INFO - Kit 2 Neumáticos Michelin 265/65r17 112t Xlt A/s T
2026-08-03 10:27 - INFO - Sku: 169639
2026-08-03 10:27 - INFO - Precio viejo: 1029400
2026-08-03 10:27 - INFO - Precio nuevo:1060286
2026-08-03 10:27 - INFO - https://articulo.mercadolibre.com.ar/MLA-682848175-kit-2-neumaticos-michelin-26565r17-112t-xlt-as-t-_JM
2026-08-03 10:27 - INFO - 

2026-08-03 10:27 - INFO - Kit 4 Neumáticos Bfgoodrich 265/70r17 123s At T/a Ko3 R
2026-08-03 10:27 - INFO - Sku: 298748
2026-08-03 10:27 - INFO - Precio viejo: 3238180.27
2026-08-03 10:27 - INFO - Precio nuevo:3403044
2026-08-03 10:27 - INFO - https://articulo.mercadolibre.com.ar/MLA-682847002-kit-4-neumaticos-bfgoodrich-26570r17-123s-at-ta-ko3-r-_JM
2026-08-03 10:27 - INFO - 

2026-08-03 10:27 - INFO - Kit 4 Neumáticos Bfgoodrich 265/70r17 123q Hd Terrain T/a Kt Q
2026-08-03 10:27 - INFO - Sku: 812058
2026-08-03 10:27 - INFO - Precio viejo: 3556000
2026-08-03 10:27 - INFO - Precio nuevo:3574424
2026-08-03 10:27 - INFO - https://articulo.mercadolibre.com.ar/MLA-670355505-kit-4-neumaticos-bfgoodrich-26570r17-123q-hd-terrain-ta-kt-q-_JM
2026-08-03 10:27 - INFO - 

2026-08-03 10:27 - INFO - Kit 4 Neumáticos Bfgoodrich Lt265/70r17 121q Mud Tr T/a Km3  Q
2026-08-03 10:27 - INFO - Sku: 072604
2026-08-03 10:27 - INFO - Precio viejo: 1224751.12
2026-08-03 10:27 - INFO - Precio nuevo:4352120
2026-08-03 10:27 - INFO - Stock viejo: 0
2026-08-03 10:27 - INFO - Stock nuevo:1
2026-08-03 10:27 - INFO - https://articulo.mercadolibre.com.ar/MLA-743755703-kit-4-neumaticos-bfgoodrich-lt26570r17-121q-mud-tr-ta-km3-q-_JM
2026-08-03 10:27 - INFO - 

2026-08-03 10:27 - INFO - Kit 2 Neumáticos Bfgoodrich Lt265/70r17 121q Mud Tr T/a Km3  Q
2026-08-03 10:27 - INFO - Sku: 072604
2026-08-03 10:27 - INFO - Precio viejo: 612375.58
2026-08-03 10:27 - INFO - Precio nuevo:2176060
2026-08-03 10:27 - INFO - Stock viejo: 0
2026-08-03 10:27 - INFO - Stock nuevo:2
2026-08-03 10:27 - INFO - https://articulo.mercadolibre.com.ar/MLA-743755706-kit-2-neumaticos-bfgoodrich-lt26570r17-121q-mud-tr-ta-km3-q-_JM
2026-08-03 10:27 - INFO - 

2026-08-03 10:27 - INFO - Kit 4 Neumáticos Bfgoodrich 265/70r17 115t Trail Terrain T/a Q
2026-08-03 10:27 - INFO - Sku: 826129
2026-08-03 10:27 - INFO - Precio viejo: 3120000
2026-08-03 10:27 - INFO - Precio nuevo:2892516
2026-08-03 10:27 - INFO - https://articulo.mercadolibre.com.ar/MLA-670799652-kit-4-neumaticos-bfgoodrich-26570r17-115t-trail-terrain-ta-q-_JM
2026-08-03 10:27 - INFO - 

2026-08-03 10:27 - INFO - Kit 4 Neumaticos Bfgoodrich 275/65r17 118s At T/a Ko3 Rwl S
2026-08-03 10:27 - INFO - Sku: 681805
2026-08-03 10:27 - INFO - Precio viejo: 3632800
2026-08-03 10:27 - INFO - Precio nuevo:3632552
2026-08-03 10:27 - INFO - https://articulo.mercadolibre.com.ar/MLA-1564446463-kit-4-neumaticos-bfgoodrich-27565r17-118s-at-ta-ko3-rwl-s-_JM
2026-08-03 10:27 - INFO - 

2026-08-03 10:27 - INFO - Kit 4 Neumáticos Bfgoodrich 285/70r17 116s At T/a Ko2 R
2026-08-03 10:27 - INFO - Sku: 505868
2026-08-03 10:27 - INFO - Precio viejo: 4412800
2026-08-03 10:27 - INFO - Precio nuevo:4412612
2026-08-03 10:27 - INFO - Stock viejo: 1
2026-08-03 10:27 - INFO - Stock nuevo:2
2026-08-03 10:27 - INFO - https://articulo.mercadolibre.com.ar/MLA-682853489-kit-4-neumaticos-bfgoodrich-28570r17-116s-at-ta-ko2-r-_JM
2026-08-03 10:27 - INFO - 

2026-08-03 10:27 - INFO - Kit 2 Neumáticos Bfgoodrich 285/70r17 116s At T/a Ko2 R
2026-08-03 10:27 - INFO - Sku: 505868
2026-08-03 10:27 - INFO - Precio viejo: 2206400
2026-08-03 10:27 - INFO - Precio nuevo:2206306
2026-08-03 10:27 - INFO - Stock viejo: 2
2026-08-03 10:27 - INFO - Stock nuevo:4
2026-08-03 10:27 - INFO - https://articulo.mercadolibre.com.ar/MLA-682847122-kit-2-neumaticos-bfgoodrich-28570r17-116s-at-ta-ko2-r-_JM
2026-08-03 10:27 - INFO - 

2026-08-03 10:27 - INFO - Kit 4 Neumáticos Bfgoodrich 285/70r17 117s Trail Terrain T/a
2026-08-03 10:27 - INFO - Sku: 954978
2026-08-03 10:27 - INFO - Precio viejo: 3330680
2026-08-03 10:27 - INFO - Precio nuevo:3247416
2026-08-03 10:27 - INFO - Stock viejo: 1
2026-08-03 10:27 - INFO - Stock nuevo:2
2026-08-03 10:27 - INFO - https://articulo.mercadolibre.com.ar/MLA-682847138-kit-4-neumaticos-bfgoodrich-28570r17-117s-trail-terrain-ta-_JM
2026-08-03 10:27 - INFO - 

2026-08-03 10:27 - INFO - Kit 4 Neumáticos Bfgoodrich 295/70r17 128s At T/a Ko3 Rwl S
2026-08-03 10:27 - INFO - Sku: 006931
2026-08-03 10:27 - INFO - Precio viejo: 5233600
2026-08-03 10:27 - INFO - Precio nuevo:5233432
2026-08-03 10:27 - INFO - https://articulo.mercadolibre.com.ar/MLA-1750559813-kit-4-neumaticos-bfgoodrich-29570r17-128s-at-ta-ko3-rwl-s-_JM
2026-08-03 10:27 - INFO - 

2026-08-03 10:27 - INFO - Kit 4 Neumaticos Bfgoodrich 305/70r17 128s At T/a Ko3 Rwl S
2026-08-03 10:27 - INFO - Sku: 385430
2026-08-03 10:27 - INFO - Precio viejo: 4422400
2026-08-03 10:27 - INFO - Precio nuevo:4422388
2026-08-03 10:27 - INFO - https://articulo.mercadolibre.com.ar/MLA-1675342751-kit-4-neumaticos-bfgoodrich-30570r17-128s-at-ta-ko3-rwl-s-_JM
2026-08-03 10:27 - INFO - 

2026-08-03 10:27 - INFO - Neumático 315/70 R17 Bfgoodrich All Terrain Ko2
2026-08-03 10:27 - INFO - Sku: 167089
2026-08-03 10:27 - INFO - Stock viejo: 2
2026-08-03 10:27 - INFO - Stock nuevo:0
2026-08-03 10:27 - INFO - https://articulo.mercadolibre.com.ar/MLA-2473306356-neumatico-31570-r17-bfgoodrich-all-terrain-ko2-_JM 

2026-08-03 10:27 - INFO - Neumático Bfgoodrich 315/70r17 113t At T/a Ko2 F150 Raptor S
2026-08-03 10:27 - INFO - Sku: 167089
2026-08-03 10:27 - INFO - Stock viejo: 2
2026-08-03 10:27 - INFO - Stock nuevo:0
2026-08-03 10:27 - INFO - https://articulo.mercadolibre.com.ar/MLA-680277819-neumatico-bfgoodrich-31570r17-113t-at-ta-ko2-f150-raptor-s-_JM 

2026-08-03 10:27 - INFO - Neumático 315/70 R17 Bfgoodrich All Terrain Ko2
2026-08-03 10:27 - INFO - Sku: 167089
2026-08-03 10:27 - INFO - Stock viejo: 2
2026-08-03 10:27 - INFO - Stock nuevo:0
2026-08-03 10:27 - INFO - https://articulo.mercadolibre.com.ar/MLA-2473306356-neumatico-31570-r17-bfgoodrich-all-terrain-ko2-_JM 

2026-08-03 10:27 - INFO - Neumático Bfgoodrich 315/70r17 113t At T/a Ko2 F150 Raptor S
2026-08-03 10:27 - INFO - Sku: 167089
2026-08-03 10:27 - INFO - Stock viejo: 2
2026-08-03 10:27 - INFO - Stock nuevo:0
2026-08-03 10:27 - INFO - https://articulo.mercadolibre.com.ar/MLA-680277819-neumatico-bfgoodrich-31570r17-113t-at-ta-ko2-f150-raptor-s-_JM 

2026-08-03 10:27 - INFO - Kit 2 Neumáticos Bfgoodrich 315/70r17 113t At T/a Ko2 S
2026-08-03 10:27 - INFO - Sku: 167089
2026-08-03 10:27 - INFO - Precio viejo: 2553800
2026-08-03 10:27 - INFO - Precio nuevo:2553942
2026-08-03 10:27 - INFO - https://articulo.mercadolibre.com.ar/MLA-680278287-kit-2-neumaticos-bfgoodrich-31570r17-113t-at-ta-ko2-s-_JM
2026-08-03 10:27 - INFO - 

2026-08-03 10:27 - INFO - Kit 4 Neumáticos Bfgoodrich 315/70r17 128s At T/a Ko3 Rwl Q
2026-08-03 10:27 - INFO - Sku: 179454
2026-08-03 10:27 - INFO - Precio viejo: 4913600
2026-08-03 10:27 - INFO - Precio nuevo:4913768
2026-08-03 10:27 - INFO - Stock viejo: 1
2026-08-03 10:27 - INFO - Stock nuevo:2
2026-08-03 10:27 - INFO - https://articulo.mercadolibre.com.ar/MLA-851222206-kit-4-neumaticos-bfgoodrich-31570r17-128s-at-ta-ko3-rwl-q-_JM
2026-08-03 10:27 - INFO - 

2026-08-03 10:27 - INFO - Neumático Bfgoodrich 33x12 50r17lt 120q Mud Tr T/a Km3
2026-08-03 10:27 - INFO - Sku: 920336
2026-08-03 10:27 - INFO - Precio viejo: 341117.34
2026-08-03 10:27 - INFO - Precio nuevo:910590
2026-08-03 10:27 - INFO - Stock viejo: 0
2026-08-03 10:27 - INFO - Stock nuevo:5
2026-08-03 10:27 - INFO - https://articulo.mercadolibre.com.ar/MLA-763963450-neumatico-bfgoodrich-33x12-50r17lt-120q-mud-tr-ta-km3-_JM
2026-08-03 10:27 - INFO - 

2026-08-03 10:27 - INFO - Neumático Bfgoodrich 33x12 50r17lt 120q Mud Tr T/a Km3
2026-08-03 10:27 - INFO - Sku: 920336
2026-08-03 10:27 - INFO - Precio viejo: 435723.49
2026-08-03 10:27 - INFO - Precio nuevo:1029363
2026-08-03 10:27 - INFO - Stock viejo: 0
2026-08-03 10:27 - INFO - Stock nuevo:5
2026-08-03 10:27 - INFO - https://articulo.mercadolibre.com.ar/MLA-763963457-neumatico-bfgoodrich-33x12-50r17lt-120q-mud-tr-ta-km3-_JM
2026-08-03 10:27 - INFO - 

2026-08-03 10:27 - INFO - Kit 2 Neumático Bfgoodrich 33x12.50r17lt 120q Mud Tr T/a Km4
2026-08-03 10:27 - INFO - Sku: 920336
2026-08-03 10:27 - INFO - Precio viejo: 864970.25
2026-08-03 10:27 - INFO - Precio nuevo:2058726
2026-08-03 10:27 - INFO - Stock viejo: 0
2026-08-03 10:27 - INFO - Stock nuevo:2
2026-08-03 10:27 - INFO - https://articulo.mercadolibre.com.ar/MLA-763963466-kit-2-neumatico-bfgoodrich-33x1250r17lt-120q-mud-tr-ta-km4-_JM
2026-08-03 10:27 - INFO - 

2026-08-03 10:27 - INFO - Kit 4 Neumático Bfgoodrich 33x12.50r17lt 120q Mud Tr T/a Km5
2026-08-03 10:27 - INFO - Sku: 920336
2026-08-03 10:27 - INFO - Precio viejo: 1351516.03
2026-08-03 10:27 - INFO - Precio nuevo:3642360
2026-08-03 10:27 - INFO - Stock viejo: 0
2026-08-03 10:27 - INFO - Stock nuevo:1
2026-08-03 10:27 - INFO - https://articulo.mercadolibre.com.ar/MLA-763963467-kit-4-neumatico-bfgoodrich-33x1250r17lt-120q-mud-tr-ta-km5-_JM
2026-08-03 10:27 - INFO - 

2026-08-03 10:27 - INFO - Kit 4 Neumático Bfgoodrich 33x12.50r17 120q Mud Tr T/a Km3 Q
2026-08-03 10:27 - INFO - Sku: 920336
2026-08-03 10:27 - INFO - Precio viejo: 3874000
2026-08-03 10:27 - INFO - Precio nuevo:4117452
2026-08-03 10:27 - INFO - https://articulo.mercadolibre.com.ar/MLA-763963465-kit-4-neumatico-bfgoodrich-33x1250r17-120q-mud-tr-ta-km3-q-_JM
2026-08-03 10:27 - INFO - 

2026-08-03 10:27 - INFO - Kit 2 Neu. Michelin 205/40r18 86w Pilot Sport 4 Zp Run Flat
2026-08-03 10:27 - INFO - Sku: 151214
2026-08-03 10:27 - INFO - Precio viejo: 1547380
2026-08-03 10:27 - INFO - Precio nuevo:1547376
2026-08-03 10:27 - INFO - https://articulo.mercadolibre.com.ar/MLA-743762108-kit-2-neu-michelin-20540r18-86w-pilot-sport-4-zp-run-flat-_JM
2026-08-03 10:27 - INFO - 

2026-08-03 10:27 - INFO - Kit 4 Neumáticos Michelin 205/40r18 86w Pilot Sport 4 Zp Run W
2026-08-03 10:27 - INFO - Sku: 151214
2026-08-03 10:27 - INFO - Precio viejo: 3094760
2026-08-03 10:27 - INFO - Precio nuevo:3094752
2026-08-03 10:27 - INFO - https://articulo.mercadolibre.com.ar/MLA-3636842270-kit-4-neumaticos-michelin-20540r18-86w-pilot-sport-4-zp-run-w-_JM
2026-08-03 10:27 - INFO - 

2026-08-03 10:27 - INFO - Kit 2 Neumáticos Michelin 215/35r18 84y Pilot Sport 4s Y
2026-08-03 10:27 - INFO - Sku: 331078
2026-08-03 10:27 - INFO - Precio viejo: 1367000
2026-08-03 10:27 - INFO - Precio nuevo:1408074
2026-08-03 10:27 - INFO - https://articulo.mercadolibre.com.ar/MLA-1686973453-kit-2-neumaticos-michelin-21535r18-84y-pilot-sport-4s-y-_JM
2026-08-03 10:27 - INFO - 

2026-08-03 10:27 - INFO - Kit 4 Neumáticos Michelin 215/35r18 84y Pilot Sport 4s Y
2026-08-03 10:27 - INFO - Sku: 331078
2026-08-03 10:27 - INFO - Precio viejo: 2734000
2026-08-03 10:27 - INFO - Precio nuevo:2816148
2026-08-03 10:27 - INFO - https://articulo.mercadolibre.com.ar/MLA-1687032017-kit-4-neumaticos-michelin-21535r18-84y-pilot-sport-4s-y-_JM
2026-08-03 10:27 - INFO - 

2026-08-03 10:27 - INFO - Kit 4 Neumáticos Michelin 215/40r18 89y Pilot Sport 5 Y
2026-08-03 10:27 - INFO - Sku: 094265
2026-08-03 10:27 - INFO - Precio viejo: 2507200
2026-08-03 10:27 - INFO - Precio nuevo:2507008
2026-08-03 10:27 - INFO - https://articulo.mercadolibre.com.ar/MLA-743755787-kit-4-neumaticos-michelin-21540r18-89y-pilot-sport-5-y-_JM
2026-08-03 10:27 - INFO - 

2026-08-03 10:27 - INFO - Kit 2 Neumáticos Michelin 215/40r18 89y Pilot Sport 5 Y
2026-08-03 10:27 - INFO - Sku: 094265
2026-08-03 10:27 - INFO - Precio viejo: 1253600
2026-08-03 10:27 - INFO - Precio nuevo:1253504
2026-08-03 10:27 - INFO - https://articulo.mercadolibre.com.ar/MLA-743755793-kit-2-neumaticos-michelin-21540r18-89y-pilot-sport-5-y-_JM
2026-08-03 10:27 - INFO - 

2026-08-03 10:27 - INFO - Kit 4 Neumáticos Michelin 215/45r18 93y Pilot Sport 5 Y
2026-08-03 10:27 - INFO - Sku: 089576
2026-08-03 10:27 - INFO - Precio viejo: 2492358.74
2026-08-03 10:27 - INFO - Precio nuevo:2575388
2026-08-03 10:27 - INFO - https://articulo.mercadolibre.com.ar/MLA-814996486-kit-4-neumaticos-michelin-21545r18-93y-pilot-sport-5-y-_JM
2026-08-03 10:27 - INFO - 

2026-08-03 10:27 - INFO - Kit 2 Neumáticos Michelin 215/45r18 93y Pilot Sport 5  Y
2026-08-03 10:27 - INFO - Sku: 089576
2026-08-03 10:27 - INFO - Precio viejo: 1250000
2026-08-03 10:27 - INFO - Precio nuevo:1287694
2026-08-03 10:27 - INFO - https://articulo.mercadolibre.com.ar/MLA-743727397-kit-2-neumaticos-michelin-21545r18-93y-pilot-sport-5-y-_JM
2026-08-03 10:27 - INFO - 

2026-08-03 10:27 - INFO - Kit 2 Neumáticos Bfgoodrich 225/40r18 92w G-force Phenom T/a Y
2026-08-03 10:27 - INFO - Sku: 204255
2026-08-03 10:27 - INFO - Precio viejo: 603200
2026-08-03 10:27 - INFO - Precio nuevo:633344
2026-08-03 10:27 - INFO - https://articulo.mercadolibre.com.ar/MLA-743762540-kit-2-neumaticos-bfgoodrich-22540r18-92w-g-force-phenom-ta-y-_JM
2026-08-03 10:27 - INFO - 

2026-08-03 10:27 - INFO - Kit 4 Neumáticos Bfgoodrich 225/40r18 92w G-force Phenom T/a Y
2026-08-03 10:27 - INFO - Sku: 204255
2026-08-03 10:27 - INFO - Precio viejo: 1206400
2026-08-03 10:27 - INFO - Precio nuevo:1266688
2026-08-03 10:27 - INFO - https://articulo.mercadolibre.com.ar/MLA-743762552-kit-4-neumaticos-bfgoodrich-22540r18-92w-g-force-phenom-ta-y-_JM
2026-08-03 10:27 - INFO - 

2026-08-03 10:27 - INFO - Kit 4 Neu.michelin 225/40r18 92y Pilot Sport 4 Zp Run Flat Y
2026-08-03 10:27 - INFO - Sku: 711191
2026-08-03 10:27 - INFO - Precio viejo: 2894800
2026-08-03 10:27 - INFO - Precio nuevo:3041180
2026-08-03 10:27 - INFO - https://articulo.mercadolibre.com.ar/MLA-814996496-kit-4-neumichelin-22540r18-92y-pilot-sport-4-zp-run-flat-y-_JM
2026-08-03 10:27 - INFO - 

2026-08-03 10:27 - INFO - Kit 2 Neu.michelin 225/40r18 92y Pilot Sport 4 Zp Run Flat Y
2026-08-03 10:27 - INFO - Sku: 711191
2026-08-03 10:27 - INFO - Precio viejo: 1447400
2026-08-03 10:27 - INFO - Precio nuevo:1520590
2026-08-03 10:27 - INFO - https://articulo.mercadolibre.com.ar/MLA-814996487-kit-2-neumichelin-22540r18-92y-pilot-sport-4-zp-run-flat-y-_JM
2026-08-03 10:27 - INFO - 

2026-08-03 10:27 - INFO - Kit 2 Neumáticos Michelin 225/40r18 92y Pilot Sport 5
2026-08-03 10:27 - INFO - Sku: 922284
2026-08-03 10:27 - INFO - Precio viejo: 1252600
2026-08-03 10:27 - INFO - Precio nuevo:1252550
2026-08-03 10:27 - INFO - Stock viejo: 2
2026-08-03 10:27 - INFO - Stock nuevo:4
2026-08-03 10:27 - INFO - https://articulo.mercadolibre.com.ar/MLA-743727373-kit-2-neumaticos-michelin-22540r18-92y-pilot-sport-5-_JM
2026-08-03 10:27 - INFO - 

2026-08-03 10:27 - INFO - Kit 4 Neumáticos Michelin 225/40r18 92y Pilot Sport 5 Y
2026-08-03 10:27 - INFO - Sku: 922284
2026-08-03 10:27 - INFO - Precio viejo: 2505200
2026-08-03 10:27 - INFO - Precio nuevo:2505100
2026-08-03 10:27 - INFO - Stock viejo: 1
2026-08-03 10:27 - INFO - Stock nuevo:2
2026-08-03 10:27 - INFO - https://articulo.mercadolibre.com.ar/MLA-814995629-kit-4-neumaticos-michelin-22540r18-92y-pilot-sport-5-y-_JM
2026-08-03 10:27 - INFO - 

2026-08-03 10:27 - INFO - Kit 2 Neumáticos Michelin 225/45r18 95y Primacy 3 Zp Runflat
2026-08-03 10:27 - INFO - Sku: 393352
2026-08-03 10:27 - INFO - Precio viejo: 1726172.13
2026-08-03 10:27 - INFO - Precio nuevo:1760548
2026-08-03 10:27 - INFO - Stock viejo: 0
2026-08-03 10:27 - INFO - Stock nuevo:2
2026-08-03 10:27 - INFO - https://articulo.mercadolibre.com.ar/MLA-743728936-kit-2-neumaticos-michelin-22545r18-95y-primacy-3-zp-runflat-_JM
2026-08-03 10:27 - INFO - 

2026-08-03 10:27 - INFO - Kit 4 Neu. Michelin 225/45r18 95y Primacy 3 Zp Run Flat
2026-08-03 10:27 - INFO - Sku: 393352
2026-08-03 10:27 - INFO - Precio viejo: 3473183.37
2026-08-03 10:27 - INFO - Precio nuevo:3521096
2026-08-03 10:27 - INFO - https://articulo.mercadolibre.com.ar/MLA-743728979-kit-4-neu-michelin-22545r18-95y-primacy-3-zp-run-flat-_JM
2026-08-03 10:27 - INFO - 

2026-08-03 10:27 - INFO - Kit 2 Michelin 225/45r18 95y Pilot Sport 4 Zp Run Flat
2026-08-03 10:27 - INFO - Sku: 504069
2026-08-03 10:27 - INFO - Precio viejo: 1786294
2026-08-03 10:27 - INFO - Precio nuevo:1786292
2026-08-03 10:27 - INFO - https://articulo.mercadolibre.com.ar/MLA-781691591-kit-2-michelin-22545r18-95y-pilot-sport-4-zp-run-flat-_JM
2026-08-03 10:27 - INFO - 

2026-08-03 10:27 - INFO - Kit 4 Michelin 225/45r18 95y Pilot Sport 4 Zp Run Flat Y
2026-08-03 10:27 - INFO - Sku: 504069
2026-08-03 10:27 - INFO - Precio viejo: 3572588
2026-08-03 10:27 - INFO - Precio nuevo:3572584
2026-08-03 10:27 - INFO - https://articulo.mercadolibre.com.ar/MLA-781691582-kit-4-michelin-22545r18-95y-pilot-sport-4-zp-run-flat-y-_JM
2026-08-03 10:27 - INFO - 

2026-08-03 10:27 - INFO - Kit 2 Neumáticos Michelin 225/45r18 95y Pilot Sport 5 Y
2026-08-03 10:27 - INFO - Sku: 334382
2026-08-03 10:27 - INFO - Precio viejo: 1440728
2026-08-03 10:27 - INFO - Precio nuevo:1440726
2026-08-03 10:27 - INFO - https://articulo.mercadolibre.com.ar/MLA-743761472-kit-2-neumaticos-michelin-22545r18-95y-pilot-sport-5-y-_JM
2026-08-03 10:27 - INFO - 

2026-08-03 10:27 - INFO - Kit 4 Neumáticos Michelin 225/45r18 95y Pilot Sport 5 W
2026-08-03 10:27 - INFO - Sku: 334382
2026-08-03 10:27 - INFO - Precio viejo: 2881456
2026-08-03 10:27 - INFO - Precio nuevo:2881452
2026-08-03 10:27 - INFO - https://articulo.mercadolibre.com.ar/MLA-743729809-kit-4-neumaticos-michelin-22545r18-95y-pilot-sport-5-w-_JM
2026-08-03 10:27 - INFO - 

2026-08-03 10:27 - INFO - Kit 2 Neumáticos Michelin 225/50r18 95w Primacy 3 Zp Runflat
2026-08-03 10:27 - INFO - Sku: 243266
2026-08-03 10:27 - INFO - Precio viejo: 1097800
2026-08-03 10:27 - INFO - Precio nuevo:1143658
2026-08-03 10:27 - INFO - https://articulo.mercadolibre.com.ar/MLA-743758756-kit-2-neumaticos-michelin-22550r18-95w-primacy-3-zp-runflat-_JM
2026-08-03 10:27 - INFO - 

2026-08-03 10:27 - INFO - Kit 4 Neumáticos Michelin 225/50r18 95w Primacy 3 St Zp* 
2026-08-03 10:27 - INFO - Sku: 243266
2026-08-03 10:27 - INFO - Precio viejo: 1052666.56
2026-08-03 10:27 - INFO - Precio nuevo:2287316
2026-08-03 10:27 - INFO - Stock viejo: 0
2026-08-03 10:27 - INFO - Stock nuevo:1
2026-08-03 10:27 - INFO - https://articulo.mercadolibre.com.ar/MLA-743758761-kit-4-neumaticos-michelin-22550r18-95w-primacy-3-st-zp-_JM
2026-08-03 10:27 - INFO - 

2026-08-03 10:27 - INFO - Kit 2 Neumáticos Michelin 225/50r18 99w Primacy 4+
2026-08-03 10:27 - INFO - Sku: 926063
2026-08-03 10:27 - INFO - Precio viejo: 1133200
2026-08-03 10:27 - INFO - Precio nuevo:1133162
2026-08-03 10:27 - INFO - Stock viejo: 2
2026-08-03 10:27 - INFO - Stock nuevo:4
2026-08-03 10:27 - INFO - https://articulo.mercadolibre.com.ar/MLA-743728425-kit-2-neumaticos-michelin-22550r18-99w-primacy-4-_JM
2026-08-03 10:27 - INFO - 

2026-08-03 10:27 - INFO - Kit 4 Neumáticos Michelin 225/50r18 99w Primacy 4+
2026-08-03 10:27 - INFO - Sku: 926063
2026-08-03 10:27 - INFO - Precio viejo: 2266400
2026-08-03 10:27 - INFO - Precio nuevo:2266324
2026-08-03 10:27 - INFO - Stock viejo: 1
2026-08-03 10:27 - INFO - Stock nuevo:2
2026-08-03 10:27 - INFO - https://articulo.mercadolibre.com.ar/MLA-763963484-kit-4-neumaticos-michelin-22550r18-99w-primacy-4-_JM
2026-08-03 10:27 - INFO - 

2026-08-03 10:27 - INFO - Kit De 2 Neumáticos Michelin Primacy 4 P 225/55r18 102 V
2026-08-03 10:27 - INFO - Sku: 299295
2026-08-03 10:27 - INFO - Precio viejo: 1371947.48
2026-08-03 10:27 - INFO - Precio nuevo:1268098
2026-08-03 10:27 - INFO - Stock viejo: 0
2026-08-03 10:27 - INFO - Stock nuevo:2
2026-08-03 10:27 - INFO - https://articulo.mercadolibre.com.ar/MLA-1441929523-kit-de-2-neumaticos-michelin-primacy-4-p-22555r18-102-v-_JM
2026-08-03 10:27 - INFO - 

2026-08-03 10:27 - INFO - Kit De 2 Neumáticos Michelin 225/55r18 102y Primacy 4 Ao Y
2026-08-03 10:27 - INFO - Sku: 299295
2026-08-03 10:27 - INFO - Precio viejo: 1231200
2026-08-03 10:27 - INFO - Precio nuevo:1268098
2026-08-03 10:27 - INFO - https://articulo.mercadolibre.com.ar/MLA-1675410327-kit-de-2-neumaticos-michelin-22555r18-102y-primacy-4-ao-y-_JM
2026-08-03 10:27 - INFO - 

2026-08-03 10:27 - INFO - Neumático Michelin 225/55r18 102y Primacy 4 Y
2026-08-03 10:27 - INFO - Sku: 299295
2026-08-03 10:27 - INFO - Precio viejo: 2462400
2026-08-03 10:27 - INFO - Precio nuevo:2536196
2026-08-03 10:27 - INFO - https://articulo.mercadolibre.com.ar/MLA-1683791321-neumatico-michelin-22555r18-102y-primacy-4-y-_JM
2026-08-03 10:27 - INFO - 

2026-08-03 10:27 - INFO - Kit 2 Neumáticos Bfgoodrich 225/55r18 102h Trail Terrain T/a H
2026-08-03 10:27 - INFO - Sku: 812928
2026-08-03 10:27 - INFO - Precio viejo: 1365200
2026-08-03 10:27 - INFO - Precio nuevo:1406168
2026-08-03 10:27 - INFO - https://articulo.mercadolibre.com.ar/MLA-680278385-kit-2-neumaticos-bfgoodrich-22555r18-102h-trail-terrain-ta-h-_JM
2026-08-03 10:27 - INFO - 

2026-08-03 10:27 - INFO - Kit 4 Neumáticos Bfgoodrich 225/55r18 102h Trail Terrain T/a
2026-08-03 10:27 - INFO - Sku: 812928
2026-08-03 10:27 - INFO - Precio viejo: 2730400
2026-08-03 10:27 - INFO - Precio nuevo:2812336
2026-08-03 10:27 - INFO - https://articulo.mercadolibre.com.ar/MLA-680278729-kit-4-neumaticos-bfgoodrich-22555r18-102h-trail-terrain-ta-_JM
2026-08-03 10:27 - INFO - 

2026-08-03 10:27 - INFO - Kit 4 Neumáticos Bfgoodrich 225/60r18 104h Advantage Touring H
2026-08-03 10:27 - INFO - Sku: 645769
2026-08-03 10:27 - INFO - Precio viejo: 1552000
2026-08-03 10:27 - INFO - Precio nuevo:1552332
2026-08-03 10:27 - INFO - https://articulo.mercadolibre.com.ar/MLA-851224099-kit-4-neumaticos-bfgoodrich-22560r18-104h-advantage-touring-h-_JM
2026-08-03 10:27 - INFO - 

2026-08-03 10:27 - INFO - Kit 2 Neumáticos Bfgoodrich 225/60r18 104h Advantage Touring H
2026-08-03 10:27 - INFO - Sku: 645769
2026-08-03 10:27 - INFO - Precio viejo: 776000
2026-08-03 10:27 - INFO - Precio nuevo:776166
2026-08-03 10:27 - INFO - https://articulo.mercadolibre.com.ar/MLA-851223048-kit-2-neumaticos-bfgoodrich-22560r18-104h-advantage-touring-h-_JM
2026-08-03 10:27 - INFO - 

2026-08-03 10:27 - INFO - Kit 4 Neumáticos Michelin 225/60r18 104h Ltx Force
2026-08-03 10:27 - INFO - Sku: 316135
2026-08-03 10:27 - INFO - Precio viejo: 2320800
2026-08-03 10:27 - INFO - Precio nuevo:2390544
2026-08-03 10:27 - INFO - Stock viejo: 1
2026-08-03 10:27 - INFO - Stock nuevo:2
2026-08-03 10:27 - INFO - https://articulo.mercadolibre.com.ar/MLA-743760092-kit-4-neumaticos-michelin-22560r18-104h-ltx-force-_JM
2026-08-03 10:27 - INFO - 

2026-08-03 10:27 - INFO - Kit 2 Neumáticos Michelin 225/60r18 104h Ltx Force
2026-08-03 10:27 - INFO - Sku: 316135
2026-08-03 10:27 - INFO - Precio viejo: 1160400
2026-08-03 10:27 - INFO - Precio nuevo:1195272
2026-08-03 10:27 - INFO - Stock viejo: 2
2026-08-03 10:27 - INFO - Stock nuevo:4
2026-08-03 10:27 - INFO - https://articulo.mercadolibre.com.ar/MLA-743728638-kit-2-neumaticos-michelin-22560r18-104h-ltx-force-_JM
2026-08-03 10:27 - INFO - 

2026-08-03 10:27 - INFO - Kit 4 Neumáticos Michelin 225/60r18 100v Pilot Sport 4 Suv V
2026-08-03 10:27 - INFO - Sku: 953772
2026-08-03 10:27 - INFO - Precio viejo: 2707600
2026-08-03 10:27 - INFO - Precio nuevo:2788996
2026-08-03 10:27 - INFO - https://articulo.mercadolibre.com.ar/MLA-814996484-kit-4-neumaticos-michelin-22560r18-100v-pilot-sport-4-suv-v-_JM
2026-08-03 10:27 - INFO - 

2026-08-03 10:27 - INFO - Kit 2 Neumáticos Michelin 225/60r18 100v Pilot Sport 4 Suv V
2026-08-03 10:27 - INFO - Sku: 953772
2026-08-03 10:27 - INFO - Precio viejo: 1353800
2026-08-03 10:27 - INFO - Precio nuevo:1394498
2026-08-03 10:27 - INFO - Stock viejo: 0
2026-08-03 10:27 - INFO - Stock nuevo:2
2026-08-03 10:27 - INFO - https://articulo.mercadolibre.com.ar/MLA-814996500-kit-2-neumaticos-michelin-22560r18-100v-pilot-sport-4-suv-v-_JM
2026-08-03 10:27 - INFO - 

2026-08-03 10:27 - INFO - Kit 4 Neumáticos Bfgoodrich 225/60r18 100h Trail Terrain T/a H
2026-08-03 10:27 - INFO - Sku: 969831
2026-08-03 10:27 - INFO - Precio viejo: 2551200
2026-08-03 10:27 - INFO - Precio nuevo:2365064
2026-08-03 10:27 - INFO - https://articulo.mercadolibre.com.ar/MLA-851223982-kit-4-neumaticos-bfgoodrich-22560r18-100h-trail-terrain-ta-h-_JM
2026-08-03 10:27 - INFO - 

2026-08-03 10:27 - INFO - Kit 2 Neumáticos Bfgoodrich 235/40r18 95y G Force Phenom Y
2026-08-03 10:27 - INFO - Sku: 201069
2026-08-03 10:27 - INFO - Precio viejo: 629000
2026-08-03 10:27 - INFO - Precio nuevo:665012
2026-08-03 10:27 - INFO - https://articulo.mercadolibre.com.ar/MLA-1698742597-kit-2-neumaticos-bfgoodrich-23540r18-95y-g-force-phenom-y-_JM
2026-08-03 10:27 - INFO - 

2026-08-03 10:27 - INFO - Kit 4 Neumáticos Bfgoodrich 235/40r18 95y G Force Phenom Y
2026-08-03 10:27 - INFO - Sku: 201069
2026-08-03 10:27 - INFO - Precio viejo: 1258000
2026-08-03 10:27 - INFO - Precio nuevo:1330024
2026-08-03 10:27 - INFO - https://articulo.mercadolibre.com.ar/MLA-1698743037-kit-4-neumaticos-bfgoodrich-23540r18-95y-g-force-phenom-y-_JM
2026-08-03 10:27 - INFO - 

2026-08-03 10:27 - INFO - Kit 4 Neumáticos Michelin 235/40zr18 95y Pilot Sport 5 Y
2026-08-03 10:27 - INFO - Sku: 909882
2026-08-03 10:27 - INFO - Stock viejo: 1
2026-08-03 10:27 - INFO - Stock nuevo:0
2026-08-03 10:27 - INFO - https://articulo.mercadolibre.com.ar/MLA-743761992-kit-4-neumaticos-michelin-23540zr18-95y-pilot-sport-5-y-_JM 

2026-08-03 10:27 - INFO - Kit X2 Neumaticos Michelin 235/40zr18 95y Pilot Sport 5 Xl Y
2026-08-03 10:27 - INFO - Sku: 909882
2026-08-03 10:27 - INFO - Precio viejo: 1423569.92
2026-08-03 10:27 - INFO - Precio nuevo:1586898
2026-08-03 10:27 - INFO - https://articulo.mercadolibre.com.ar/MLA-743761991-kit-x2-neumaticos-michelin-23540zr18-95y-pilot-sport-5-xl-y-_JM
2026-08-03 10:27 - INFO - 

2026-08-03 10:27 - INFO - Neumático Michelin 235/40r18 95y Pliot Sport 5 Y
2026-08-03 10:27 - INFO - Sku: 909882
2026-08-03 10:27 - INFO - Precio viejo: 770300
2026-08-03 10:27 - INFO - Precio nuevo:793449
2026-08-03 10:27 - INFO - Stock viejo: 0
2026-08-03 10:27 - INFO - Stock nuevo:3
2026-08-03 10:27 - INFO - https://articulo.mercadolibre.com.ar/MLA-3037273918-neumatico-michelin-23540r18-95y-pliot-sport-5-y-_JM
2026-08-03 10:27 - INFO - 

2026-08-03 10:27 - INFO - Kit 2 Neumáticos Michelín 235/45r18 98y Primacy 4+
2026-08-03 10:27 - INFO - Sku: 508642
2026-08-03 10:27 - INFO - Precio viejo: 1252600
2026-08-03 10:27 - INFO - Precio nuevo:1252526
2026-08-03 10:27 - INFO - Stock viejo: 2
2026-08-03 10:27 - INFO - Stock nuevo:4
2026-08-03 10:27 - INFO - https://articulo.mercadolibre.com.ar/MLA-763117521-kit-2-neumaticos-michelin-23545r18-98y-primacy-4-_JM
2026-08-03 10:27 - INFO - 

2026-08-03 10:27 - INFO - Kit De 4 Neumáticos Michelin Primacy 4+ P 235/45r18 98 W
2026-08-03 10:27 - INFO - Sku: 508642
2026-08-03 10:27 - INFO - Precio viejo: 2505200
2026-08-03 10:27 - INFO - Precio nuevo:2505052
2026-08-03 10:27 - INFO - https://articulo.mercadolibre.com.ar/MLA-1443812443-kit-de-4-neumaticos-michelin-primacy-4-p-23545r18-98-w-_JM
2026-08-03 10:27 - INFO - 

2026-08-03 10:27 - INFO - Kit 4 Neumáticos Michelin 235/50r18 101y Primacy 4+ Y
2026-08-03 10:27 - INFO - Sku: 777556
2026-08-03 10:27 - INFO - Precio viejo: 2546400
2026-08-03 10:27 - INFO - Precio nuevo:2546112
2026-08-03 10:27 - INFO - Stock viejo: 1
2026-08-03 10:27 - INFO - Stock nuevo:2
2026-08-03 10:27 - INFO - https://articulo.mercadolibre.com.ar/MLA-763117533-kit-4-neumaticos-michelin-23550r18-101y-primacy-4-y-_JM
2026-08-03 10:27 - INFO - 

2026-08-03 10:27 - INFO - Kit 2 Neumáticos Michelin 235/50r18 101y Primacy 4+ Y
2026-08-03 10:27 - INFO - Sku: 777556
2026-08-03 10:27 - INFO - Precio viejo: 1273200
2026-08-03 10:27 - INFO - Precio nuevo:1273056
2026-08-03 10:27 - INFO - Stock viejo: 2
2026-08-03 10:27 - INFO - Stock nuevo:4
2026-08-03 10:27 - INFO - https://articulo.mercadolibre.com.ar/MLA-670355731-kit-2-neumaticos-michelin-23550r18-101y-primacy-4-y-_JM
2026-08-03 10:27 - INFO - 

2026-08-03 10:27 - INFO - Kit 2 Michelin 235/50r18 97v Pilot Sport 4 Suv Zp Run Flat
2026-08-03 10:27 - INFO - Sku: 567419
2026-08-03 10:27 - INFO - Precio viejo: 1419200
2026-08-03 10:27 - INFO - Precio nuevo:1419034
2026-08-03 10:27 - INFO - https://articulo.mercadolibre.com.ar/MLA-763117535-kit-2-michelin-23550r18-97v-pilot-sport-4-suv-zp-run-flat-_JM
2026-08-03 10:27 - INFO - 

2026-08-03 10:27 - INFO - Kit 4 Michelin 235/50r18 97v Pilot Sport 4 Suv Zp Run Flat W
2026-08-03 10:27 - INFO - Sku: 567419
2026-08-03 10:27 - INFO - Precio viejo: 2838400
2026-08-03 10:27 - INFO - Precio nuevo:2838068
2026-08-03 10:27 - INFO - https://articulo.mercadolibre.com.ar/MLA-851223989-kit-4-michelin-23550r18-97v-pilot-sport-4-suv-zp-run-flat-w-_JM
2026-08-03 10:27 - INFO - 

2026-08-03 10:27 - INFO - Kit 2 Neumáticos Michelín 235/55r18 100v Primacy 4 Vol El
2026-08-03 10:27 - INFO - Sku: 345504
2026-08-03 10:27 - INFO - Precio viejo: 376332.31
2026-08-03 10:27 - INFO - Precio nuevo:1376188
2026-08-03 10:27 - INFO - Stock viejo: 0
2026-08-03 10:27 - INFO - Stock nuevo:2
2026-08-03 10:27 - INFO - https://articulo.mercadolibre.com.ar/MLA-763963506-kit-2-neumaticos-michelin-23555r18-100v-primacy-4-vol-el-_JM
2026-08-03 10:27 - INFO - 

2026-08-03 10:27 - INFO - Kit 2 Neumáticos Michelin 235/55r18 100v Primacy 4
2026-08-03 10:27 - INFO - Sku: 345504
2026-08-03 10:27 - INFO - Precio viejo: 1510400
2026-08-03 10:27 - INFO - Precio nuevo:1555690
2026-08-03 10:27 - INFO - https://articulo.mercadolibre.com.ar/MLA-763963502-kit-2-neumaticos-michelin-23555r18-100v-primacy-4-_JM
2026-08-03 10:27 - INFO - 

2026-08-03 10:27 - INFO - Kit 4 Neumáticos Michelín 235/55r18 100v Primacy 4 Vol El
2026-08-03 10:27 - INFO - Sku: 345504
2026-08-03 10:27 - INFO - Precio viejo: 963410.56
2026-08-03 10:27 - INFO - Precio nuevo:3111380
2026-08-03 10:27 - INFO - Stock viejo: 0
2026-08-03 10:27 - INFO - Stock nuevo:1
2026-08-03 10:27 - INFO - https://articulo.mercadolibre.com.ar/MLA-763963511-kit-4-neumaticos-michelin-23555r18-100v-primacy-4-vol-el-_JM
2026-08-03 10:27 - INFO - 

2026-08-03 10:27 - INFO - Kit 4 Neumáticos Bfgoodrich 235/60r18 103h Advantage Touring W
2026-08-03 10:27 - INFO - Sku: 954867
2026-08-03 10:27 - INFO - Precio viejo: 1461200
2026-08-03 10:27 - INFO - Precio nuevo:1461012
2026-08-03 10:27 - INFO - https://articulo.mercadolibre.com.ar/MLA-743762846-kit-4-neumaticos-bfgoodrich-23560r18-103h-advantage-touring-w-_JM
2026-08-03 10:27 - INFO - 

2026-08-03 10:27 - INFO - Kit 2 Neumáticos Michelin 235/60r18 107w Pilot Sport 4 Suv W
2026-08-03 10:27 - INFO - Sku: 497906
2026-08-03 10:27 - INFO - Precio viejo: 1497400
2026-08-03 10:27 - INFO - Precio nuevo:1542306
2026-08-03 10:27 - INFO - https://articulo.mercadolibre.com.ar/MLA-814996502-kit-2-neumaticos-michelin-23560r18-107w-pilot-sport-4-suv-w-_JM
2026-08-03 10:27 - INFO - 

2026-08-03 10:27 - INFO - Kit 4 Neumáticos Michelin 235/60r18 107w Pilot Sport 4 Suv W
2026-08-03 10:27 - INFO - Sku: 497906
2026-08-03 10:27 - INFO - Precio viejo: 2994800
2026-08-03 10:27 - INFO - Precio nuevo:3084612
2026-08-03 10:27 - INFO - https://articulo.mercadolibre.com.ar/MLA-814995654-kit-4-neumaticos-michelin-23560r18-107w-pilot-sport-4-suv-w-_JM
2026-08-03 10:27 - INFO - 

2026-08-03 10:27 - INFO - Kit 2 Neumáticos Michelin 235/60r18 103v Primacy Suv+ W
2026-08-03 10:27 - INFO - Sku: 227379
2026-08-03 10:27 - INFO - Precio viejo: 1194402.99
2026-08-03 10:27 - INFO - Precio nuevo:1000154
2026-08-03 10:27 - INFO - Stock viejo: 2
2026-08-03 10:27 - INFO - Stock nuevo:1
2026-08-03 10:27 - INFO - https://articulo.mercadolibre.com.ar/MLA-814995653-kit-2-neumaticos-michelin-23560r18-103v-primacy-suv-w-_JM
2026-08-03 10:27 - INFO - 

2026-08-03 10:27 - INFO - Kit 2 Neumáticos Bfgoodrich 235/60r18 107h Trail Terrain T/a
2026-08-03 10:27 - INFO - Sku: 373670
2026-08-03 10:27 - INFO - Precio viejo: 1427200
2026-08-03 10:27 - INFO - Precio nuevo:1322862
2026-08-03 10:27 - INFO - https://articulo.mercadolibre.com.ar/MLA-743762076-kit-2-neumaticos-bfgoodrich-23560r18-107h-trail-terrain-ta-_JM
2026-08-03 10:27 - INFO - 

2026-08-03 10:27 - INFO - Kit 4 Neumáticos Bfgoodrich 235/60r18 107h Trail Terrain T/a
2026-08-03 10:27 - INFO - Sku: 373670
2026-08-03 10:27 - INFO - Precio viejo: 2854000
2026-08-03 10:27 - INFO - Precio nuevo:2645724
2026-08-03 10:27 - INFO - https://articulo.mercadolibre.com.ar/MLA-743729155-kit-4-neumaticos-bfgoodrich-23560r18-107h-trail-terrain-ta-_JM
2026-08-03 10:27 - INFO - 

2026-08-03 10:27 - INFO - Kit 2 Neumáticos Michelin 235/65r18 110h Pilot Sport 4 Suv H
2026-08-03 10:27 - INFO - Sku: 986630
2026-08-03 10:27 - INFO - Precio viejo: 1933200
2026-08-03 10:27 - INFO - Precio nuevo:1991260
2026-08-03 10:27 - INFO - https://articulo.mercadolibre.com.ar/MLA-814995659-kit-2-neumaticos-michelin-23565r18-110h-pilot-sport-4-suv-h-_JM
2026-08-03 10:27 - INFO - 

2026-08-03 10:27 - INFO - Kit 4 Neumáticos Michelin 235/65r18 110h Pilot Sport 4 Suv H
2026-08-03 10:27 - INFO - Sku: 986630
2026-08-03 10:27 - INFO - Precio viejo: 3866400
2026-08-03 10:27 - INFO - Precio nuevo:3982520
2026-08-03 10:27 - INFO - https://articulo.mercadolibre.com.ar/MLA-814995671-kit-4-neumaticos-michelin-23565r18-110h-pilot-sport-4-suv-h-_JM
2026-08-03 10:27 - INFO - 

2026-08-03 10:27 - INFO - Kit 2 Michelin 245/35r18 92y Pilot Sport Ps4 Zp Run Flat
2026-08-03 10:27 - INFO - Sku: 960358
2026-08-03 10:27 - INFO - Precio viejo: 1999800
2026-08-03 10:27 - INFO - Precio nuevo:2060982
2026-08-03 10:27 - INFO - https://articulo.mercadolibre.com.ar/MLA-743730026-kit-2-michelin-24535r18-92y-pilot-sport-ps4-zp-run-flat-_JM
2026-08-03 10:27 - INFO - 

2026-08-03 10:27 - INFO - Kit 2 Neumáticos Bfgoodrich 245/40r18 97w G Force Phenom T/a W
2026-08-03 10:27 - INFO - Sku: 164365
2026-08-03 10:27 - INFO - Precio viejo: 729400
2026-08-03 10:27 - INFO - Precio nuevo:729334
2026-08-03 10:27 - INFO - https://articulo.mercadolibre.com.ar/MLA-1738837493-kit-2-neumaticos-bfgoodrich-24540r18-97w-g-force-phenom-ta-w-_JM
2026-08-03 10:27 - INFO - 

2026-08-03 10:27 - INFO - Kit 4 Neumáticos Bfgoodrich 245/40r18 97w G Force Phenom T/a W
2026-08-03 10:27 - INFO - Sku: 164365
2026-08-03 10:27 - INFO - Precio viejo: 1458800
2026-08-03 10:27 - INFO - Precio nuevo:1458668
2026-08-03 10:27 - INFO - https://articulo.mercadolibre.com.ar/MLA-1738877081-kit-4-neumaticos-bfgoodrich-24540r18-97w-g-force-phenom-ta-w-_JM
2026-08-03 10:27 - INFO - 

2026-08-03 10:27 - INFO - Kit 4 Neumáticos Michelin 245/40r18 97y Primacy 3 Zp Runflat Y
2026-08-03 10:27 - INFO - Sku: 262100
2026-08-03 10:27 - INFO - Precio viejo: 2456256.8
2026-08-03 10:27 - INFO - Precio nuevo:3594388
2026-08-03 10:27 - INFO - https://articulo.mercadolibre.com.ar/MLA-680278554-kit-4-neumaticos-michelin-24540r18-97y-primacy-3-zp-runflat-y-_JM
2026-08-03 10:27 - INFO - 

2026-08-03 10:27 - INFO - Kit 2 Neumáticos Michelin 245/40r18 97y Primacy 3zp Run Flat Y
2026-08-03 10:27 - INFO - Sku: 262100
2026-08-03 10:27 - INFO - Precio viejo: 2093800
2026-08-03 10:27 - INFO - Precio nuevo:1797194
2026-08-03 10:27 - INFO - https://articulo.mercadolibre.com.ar/MLA-670355010-kit-2-neumaticos-michelin-24540r18-97y-primacy-3zp-run-flat-y-_JM
2026-08-03 10:27 - INFO - 

2026-08-03 10:27 - INFO - Kit 2 Neumáticos Michelin 245/40r18 97y Pilot Sport 5 Y
2026-08-03 10:27 - INFO - Sku: 534679
2026-08-03 10:27 - INFO - Precio viejo: 1809400
2026-08-03 10:27 - INFO - Precio nuevo:1863730
2026-08-03 10:27 - INFO - Stock viejo: 2
2026-08-03 10:27 - INFO - Stock nuevo:1
2026-08-03 10:27 - INFO - https://articulo.mercadolibre.com.ar/MLA-680278179-kit-2-neumaticos-michelin-24540r18-97y-pilot-sport-5-y-_JM
2026-08-03 10:27 - INFO - 

2026-08-03 10:27 - INFO - Kit 4 Neumáticos Michelin 245/45r18 100y Primacy 3 Moe Zp*  Y
2026-08-03 10:27 - INFO - Sku: 831899
2026-08-03 10:27 - INFO - Precio viejo: 4060570.46
2026-08-03 10:27 - INFO - Precio nuevo:4753664
2026-08-03 10:27 - INFO - https://articulo.mercadolibre.com.ar/MLA-743763014-kit-4-neumaticos-michelin-24545r18-100y-primacy-3-moe-zp-y-_JM
2026-08-03 10:27 - INFO - 

2026-08-03 10:27 - INFO - Kit 2 Neu. Michelin 245/45r18 100y Primacy 3 Zp Runflat Y
2026-08-03 10:27 - INFO - Sku: 831899
2026-08-03 10:27 - INFO - Precio viejo: 2417472.54
2026-08-03 10:27 - INFO - Precio nuevo:2376832
2026-08-03 10:27 - INFO - https://articulo.mercadolibre.com.ar/MLA-743763017-kit-2-neu-michelin-24545r18-100y-primacy-3-zp-runflat-y-_JM
2026-08-03 10:27 - INFO - 

2026-08-03 10:27 - INFO - Kit 2 Neumáticos Michelin 245/45r18 100w Primacy 5 W
2026-08-03 10:27 - INFO - Sku: 065068
2026-08-03 10:27 - INFO - Precio viejo: 1737200
2026-08-03 10:27 - INFO - Precio nuevo:1737206
2026-08-03 10:27 - INFO - Stock viejo: 1
2026-08-03 10:27 - INFO - Stock nuevo:2
2026-08-03 10:27 - INFO - https://articulo.mercadolibre.com.ar/MLA-1880660661-kit-2-neumaticos-michelin-24545r18-100w-primacy-5-w-_JM
2026-08-03 10:27 - INFO - 

2026-08-03 10:27 - INFO - Kit 4 Neumáticos Michelin 245/45r18 100w Priamcy 5 W
2026-08-03 10:27 - INFO - Sku: 065068
2026-08-03 10:27 - INFO - Precio viejo: 3474400
2026-08-03 10:27 - INFO - Precio nuevo:3474412
2026-08-03 10:27 - INFO - https://articulo.mercadolibre.com.ar/MLA-1880635583-kit-4-neumaticos-michelin-24545r18-100w-priamcy-5-w-_JM
2026-08-03 10:27 - INFO - 

2026-08-03 10:27 - INFO - Kit 2 Neu. Michelin 245/50r18 100y Primacy 3 Zp Run Flat Y
2026-08-03 10:27 - INFO - Sku: 948389
2026-08-03 10:27 - INFO - Precio viejo: 2192800
2026-08-03 10:27 - INFO - Precio nuevo:2258438
2026-08-03 10:27 - INFO - https://articulo.mercadolibre.com.ar/MLA-670355744-kit-2-neu-michelin-24550r18-100y-primacy-3-zp-run-flat-y-_JM
2026-08-03 10:27 - INFO - 

2026-08-03 10:27 - INFO - Kit 4 Neumáticos Michelin 245/50r18 100y Primacy 3 Zp Y
2026-08-03 10:27 - INFO - Sku: 948389
2026-08-03 10:27 - INFO - Precio viejo: 4385600
2026-08-03 10:27 - INFO - Precio nuevo:4516876
2026-08-03 10:27 - INFO - https://articulo.mercadolibre.com.ar/MLA-670800002-kit-4-neumaticos-michelin-24550r18-100y-primacy-3-zp-y-_JM
2026-08-03 10:27 - INFO - 

2026-08-03 10:27 - INFO - Kit 2 Neu. Michelin 255/40r18 99y Pilot Sport 4 Zp Runflat Y
2026-08-03 10:27 - INFO - Sku: 379499
2026-08-03 10:27 - INFO - Precio viejo: 2180000
2026-08-03 10:27 - INFO - Precio nuevo:2245704
2026-08-03 10:27 - INFO - https://articulo.mercadolibre.com.ar/MLA-781691612-kit-2-neu-michelin-25540r18-99y-pilot-sport-4-zp-runflat-y-_JM
2026-08-03 10:27 - INFO - 

2026-08-03 10:27 - INFO - Kit 2 Neumaticos Michelin 255/40r18 99y Pilot Sport 5 Y
2026-08-03 10:27 - INFO - Sku: 551571
2026-08-03 10:27 - INFO - Precio viejo: 1516800
2026-08-03 10:27 - INFO - Precio nuevo:1562242
2026-08-03 10:27 - INFO - https://articulo.mercadolibre.com.ar/MLA-781691605-kit-2-neumaticos-michelin-25540r18-99y-pilot-sport-5-y-_JM
2026-08-03 10:27 - INFO - 

2026-08-03 10:27 - INFO - Kit 2 Neu.michelin 255/55r18 109v Latitude Sport3 Zp Runflat V
2026-08-03 10:27 - INFO - Sku: 760575
2026-08-03 10:27 - INFO - Precio viejo: 2394000
2026-08-03 10:27 - INFO - Precio nuevo:2054904
2026-08-03 10:27 - INFO - Stock viejo: 0
2026-08-03 10:27 - INFO - Stock nuevo:1
2026-08-03 10:27 - INFO - https://articulo.mercadolibre.com.ar/MLA-743730048-kit-2-neumichelin-25555r18-109v-latitude-sport3-zp-runflat-v-_JM
2026-08-03 10:27 - INFO - 

2026-08-03 10:27 - INFO - Kit 2 Neumáticos Michelin 255/55r18 109y Pilot Sport 4 Suv Y
2026-08-03 10:27 - INFO - Sku: 661828
2026-08-03 10:27 - INFO - Precio viejo: 1975200
2026-08-03 10:27 - INFO - Precio nuevo:1695470
2026-08-03 10:27 - INFO - https://articulo.mercadolibre.com.ar/MLA-814995675-kit-2-neumaticos-michelin-25555r18-109y-pilot-sport-4-suv-y-_JM
2026-08-03 10:27 - INFO - 

2026-08-03 10:27 - INFO - Neumático Michelin 255/60r18 112h Primacy Suv H
2026-08-03 10:27 - INFO - Sku: 074386
2026-08-03 10:27 - INFO - Precio viejo: 616600
2026-08-03 10:27 - INFO - Precio nuevo:518252
2026-08-03 10:27 - INFO - Stock viejo: 4
2026-08-03 10:27 - INFO - Stock nuevo:7
2026-08-03 10:27 - INFO - https://articulo.mercadolibre.com.ar/MLA-680278087-neumatico-michelin-25560r18-112h-primacy-suv-h-_JM
2026-08-03 10:27 - INFO - 

2026-08-03 10:27 - INFO - Kit 2 Neumáticos Michelin 255/60r18 112h Primacy Suv El  H
2026-08-03 10:27 - INFO - Sku: 074386
2026-08-03 10:27 - INFO - Precio viejo: 278604.68
2026-08-03 10:27 - INFO - Precio nuevo:916906
2026-08-03 10:27 - INFO - Stock viejo: 0
2026-08-03 10:27 - INFO - Stock nuevo:3
2026-08-03 10:27 - INFO - https://articulo.mercadolibre.com.ar/MLA-743727825-kit-2-neumaticos-michelin-25560r18-112h-primacy-suv-el-h-_JM
2026-08-03 10:27 - INFO - 

2026-08-03 10:27 - INFO - Kit 2 Neumáticos Michelin 245/65r17 111t Ltx Force T
2026-08-03 10:27 - INFO - Sku: 074386
2026-08-03 10:27 - INFO - Precio viejo: 1263397.33
2026-08-03 10:27 - INFO - Precio nuevo:1036504
2026-08-03 10:27 - INFO - Stock viejo: 0
2026-08-03 10:27 - INFO - Stock nuevo:3
2026-08-03 10:27 - INFO - https://articulo.mercadolibre.com.ar/MLA-680278176-kit-2-neumaticos-michelin-24565r17-111t-ltx-force-t-_JM
2026-08-03 10:27 - INFO - 

2026-08-03 10:27 - INFO - Kit 4 Neumáticos Michelin 255/60r18 112h Primacy Suv H
2026-08-03 10:27 - INFO - Sku: 074386
2026-08-03 10:27 - INFO - Precio viejo: 2475525.66
2026-08-03 10:27 - INFO - Precio nuevo:2073008
2026-08-03 10:27 - INFO - https://articulo.mercadolibre.com.ar/MLA-743755719-kit-4-neumaticos-michelin-25560r18-112h-primacy-suv-h-_JM
2026-08-03 10:27 - INFO - 

2026-08-03 10:27 - INFO - Kit 2 Neumáticos Bfgoodrich 255/65r18 111t Trail Terrain T/a T
2026-08-03 10:27 - INFO - Sku: 676658
2026-08-03 10:27 - INFO - Precio viejo: 1719600
2026-08-03 10:27 - INFO - Precio nuevo:1625888
2026-08-03 10:27 - INFO - https://articulo.mercadolibre.com.ar/MLA-743761709-kit-2-neumaticos-bfgoodrich-25565r18-111t-trail-terrain-ta-t-_JM
2026-08-03 10:27 - INFO - 

2026-08-03 10:27 - INFO - Kit 4 Neumáticos Bfgoodrich 255/65r18 111t Trail Terrain T/a
2026-08-03 10:27 - INFO - Sku: 676658
2026-08-03 10:27 - INFO - Precio viejo: 3439200
2026-08-03 10:27 - INFO - Precio nuevo:3251776
2026-08-03 10:27 - INFO - https://articulo.mercadolibre.com.ar/MLA-743755792-kit-4-neumaticos-bfgoodrich-25565r18-111t-trail-terrain-ta-_JM
2026-08-03 10:27 - INFO - 

2026-08-03 10:27 - INFO - Kit 4 Neumáticos Bfgoodrich 265/60r18 110h Advantage Touring T
2026-08-03 10:27 - INFO - Sku: 436654
2026-08-03 10:27 - INFO - Precio viejo: 1597200
2026-08-03 10:27 - INFO - Precio nuevo:1676900
2026-08-03 10:27 - INFO - https://articulo.mercadolibre.com.ar/MLA-680278838-kit-4-neumaticos-bfgoodrich-26560r18-110h-advantage-touring-t-_JM
2026-08-03 10:27 - INFO - 

2026-08-03 10:27 - INFO - Kit 2 Neumáticos Bfgoodrich 265/60r18 110h Advantage Touring H
2026-08-03 10:27 - INFO - Sku: 436654
2026-08-03 10:27 - INFO - Precio viejo: 798600
2026-08-03 10:27 - INFO - Precio nuevo:838450
2026-08-03 10:27 - INFO - https://articulo.mercadolibre.com.ar/MLA-2907535560-kit-2-neumaticos-bfgoodrich-26560r18-110h-advantage-touring-h-_JM
2026-08-03 10:27 - INFO - 

2026-08-03 10:27 - INFO - Kit 4 Neumáticos Bfgoodrich 265/60r18 119s At T/a Ko3 S
2026-08-03 10:27 - INFO - Sku: 779303
2026-08-03 10:27 - INFO - Precio viejo: 2995600
2026-08-03 10:27 - INFO - Precio nuevo:2360372
2026-08-03 10:27 - INFO - https://articulo.mercadolibre.com.ar/MLA-680278281-kit-4-neumaticos-bfgoodrich-26560r18-119s-at-ta-ko3-s-_JM
2026-08-03 10:27 - INFO - 

2026-08-03 10:27 - INFO - Neumático Michelin 265/60r18 114h Ltx Trail St
2026-08-03 10:27 - INFO - Sku: 997246
2026-08-03 10:27 - INFO - Stock viejo: 4
2026-08-03 10:27 - INFO - Stock nuevo:0
2026-08-03 10:27 - INFO - https://articulo.mercadolibre.com.ar/MLA-743757937-neumatico-michelin-26560r18-114h-ltx-trail-st-_JM 

2026-08-03 10:27 - INFO - Kit 2 Neumáticos Michelin 265/60r18 114h Ltx Trail St
2026-08-03 10:27 - INFO - Sku: 997246
2026-08-03 10:27 - INFO - Precio viejo: 995000
2026-08-03 10:27 - INFO - Precio nuevo:836238
2026-08-03 10:27 - INFO - Stock viejo: 3
2026-08-03 10:27 - INFO - Stock nuevo:5
2026-08-03 10:27 - INFO - https://articulo.mercadolibre.com.ar/MLA-680278480-kit-2-neumaticos-michelin-26560r18-114h-ltx-trail-st-_JM
2026-08-03 10:27 - INFO - 

2026-08-03 10:27 - INFO - Kit 4 Neumáticos Michelin 265/60r18 114h Ltx Trail St S
2026-08-03 10:27 - INFO - Sku: 997246
2026-08-03 10:27 - INFO - Precio viejo: 1990000
2026-08-03 10:27 - INFO - Precio nuevo:1672476
2026-08-03 10:27 - INFO - https://articulo.mercadolibre.com.ar/MLA-680278643-kit-4-neumaticos-michelin-26560r18-114h-ltx-trail-st-s-_JM
2026-08-03 10:27 - INFO - 

2026-08-03 10:27 - INFO - Kit 2 Neumáticos Michelin 265/60r18 110h Primacy Suv+ H
2026-08-03 10:27 - INFO - Sku: 903168
2026-08-03 10:27 - INFO - Precio viejo: 996800
2026-08-03 10:27 - INFO - Precio nuevo:837712
2026-08-03 10:27 - INFO - https://articulo.mercadolibre.com.ar/MLA-670355315-kit-2-neumaticos-michelin-26560r18-110h-primacy-suv-h-_JM
2026-08-03 10:27 - INFO - 

2026-08-03 10:27 - INFO - Kit 4 Neumáticos Michelin 265/60r18 110h Primacy Suv+ H
2026-08-03 10:27 - INFO - Sku: 903168
2026-08-03 10:27 - INFO - Precio viejo: 1993600
2026-08-03 10:27 - INFO - Precio nuevo:1675424
2026-08-03 10:27 - INFO - https://articulo.mercadolibre.com.ar/MLA-670799114-kit-4-neumaticos-michelin-26560r18-110h-primacy-suv-h-_JM
2026-08-03 10:27 - INFO - 

2026-08-03 10:27 - INFO - Kit 4 Neumaticos Bfgoodrich 265/60r18 110t Trail Terrain T/a T
2026-08-03 10:27 - INFO - Sku: 040225
2026-08-03 10:27 - INFO - Precio viejo: 3024400
2026-08-03 10:27 - INFO - Precio nuevo:3177528
2026-08-03 10:27 - INFO - https://articulo.mercadolibre.com.ar/MLA-2599942262-kit-4-neumaticos-bfgoodrich-26560r18-110t-trail-terrain-ta-t-_JM
2026-08-03 10:27 - INFO - 

2026-08-03 10:27 - INFO - Kit 4 Neumáticos Bfgoodrich 265/65r18 117s At T/a Ko3 Rwl S
2026-08-03 10:27 - INFO - Sku: 284247
2026-08-03 10:27 - INFO - Precio viejo: 3896000
2026-08-03 10:27 - INFO - Precio nuevo:4092540
2026-08-03 10:27 - INFO - Stock viejo: 1
2026-08-03 10:27 - INFO - Stock nuevo:2
2026-08-03 10:27 - INFO - https://articulo.mercadolibre.com.ar/MLA-1740607381-kit-4-neumaticos-bfgoodrich-26565r18-117s-at-ta-ko3-rwl-s-_JM
2026-08-03 10:27 - INFO - 

2026-08-03 10:27 - INFO - Kit 4 Neumáticos Bfgoodrich 265/65r18 114t Trail Terrain T/a T
2026-08-03 10:27 - INFO - Sku: 823358
2026-08-03 10:27 - INFO - Precio viejo: 3615344.87
2026-08-03 10:27 - INFO - Precio nuevo:3328844
2026-08-03 10:27 - INFO - https://articulo.mercadolibre.com.ar/MLA-670355501-kit-4-neumaticos-bfgoodrich-26565r18-114t-trail-terrain-ta-t-_JM
2026-08-03 10:27 - INFO - 

2026-08-03 10:27 - INFO - Kit 4 Neumáticos Bfgoodrich 275/65r18 123s At T/a Ko3 Rwl S
2026-08-03 10:27 - INFO - Sku: 946623
2026-08-03 10:27 - INFO - Precio viejo: 4352000
2026-08-03 10:27 - INFO - Precio nuevo:4571556
2026-08-03 10:27 - INFO - https://articulo.mercadolibre.com.ar/MLA-3043040182-kit-4-neumaticos-bfgoodrich-27565r18-123s-at-ta-ko3-rwl-s-_JM
2026-08-03 10:27 - INFO - 

2026-08-03 10:27 - INFO - Kit 4 Neumáticos Bfgoodrich 275/70r18 125s At T/a Ko3 Rwl S
2026-08-03 10:27 - INFO - Sku: 711230
2026-08-03 10:27 - INFO - Precio viejo: 4438400
2026-08-03 10:27 - INFO - Precio nuevo:4663032
2026-08-03 10:27 - INFO - https://articulo.mercadolibre.com.ar/MLA-3386308546-kit-4-neumaticos-bfgoodrich-27570r18-125s-at-ta-ko3-rwl-s-_JM
2026-08-03 10:27 - INFO - 

2026-08-03 10:27 - INFO - Kit 2 Neumáticos Michelin 285/30r18 93y Pilot Sport 2 Y
2026-08-03 10:27 - INFO - Sku: 040653
2026-08-03 10:27 - INFO - Precio viejo: 2298000
2026-08-03 10:27 - INFO - Precio nuevo:2194900
2026-08-03 10:27 - INFO - https://articulo.mercadolibre.com.ar/MLA-743758749-kit-2-neumaticos-michelin-28530r18-93y-pilot-sport-2-y-_JM
2026-08-03 10:27 - INFO - 

2026-08-03 10:27 - INFO - Kit 4 Neumáticos Bfgoodrich 285/60r18 118s At T/a Ko3 Rwl S
2026-08-03 10:27 - INFO - Sku: 739006
2026-08-03 10:27 - INFO - Precio viejo: 3972800
2026-08-03 10:27 - INFO - Precio nuevo:3972492
2026-08-03 10:27 - INFO - https://articulo.mercadolibre.com.ar/MLA-1785839999-kit-4-neumaticos-bfgoodrich-28560r18-118s-at-ta-ko3-rwl-s-_JM
2026-08-03 10:27 - INFO - 

2026-08-03 10:27 - INFO - Kit 4 Neumáticos Bfgoodrich 285/65r18 125s At T/a Ko3
2026-08-03 10:27 - INFO - Sku: 144971
2026-08-03 10:27 - INFO - Precio viejo: 4567600
2026-08-03 10:27 - INFO - Precio nuevo:4704488
2026-08-03 10:27 - INFO - https://articulo.mercadolibre.com.ar/MLA-743727172-kit-4-neumaticos-bfgoodrich-28565r18-125s-at-ta-ko3-_JM
2026-08-03 10:27 - INFO - 

2026-08-03 10:27 - INFO - Kit 4 Neumáticos Bfgoodrich 305/65r18 128s At T/a Ko3 S
2026-08-03 10:27 - INFO - Sku: 848125
2026-08-03 10:27 - INFO - Precio viejo: 4796000
2026-08-03 10:27 - INFO - Precio nuevo:4939712
2026-08-03 10:27 - INFO - https://articulo.mercadolibre.com.ar/MLA-670799683-kit-4-neumaticos-bfgoodrich-30565r18-128s-at-ta-ko3-s-_JM
2026-08-03 10:27 - INFO - 

2026-08-03 10:27 - INFO - Kit 4 Michelin Bfgoodrich 37x13.50r18 128q Mud Tr T/a Km3 
2026-08-03 10:27 - INFO - Sku: 008327
2026-08-03 10:27 - INFO - Precio viejo: 4620000
2026-08-03 10:27 - INFO - Precio nuevo:4620380
2026-08-03 10:27 - INFO - https://articulo.mercadolibre.com.ar/MLA-826576856-kit-4-michelin-bfgoodrich-37x1350r18-128q-mud-tr-ta-km3-_JM
2026-08-03 10:27 - INFO - 

2026-08-03 10:27 - INFO - Kit 2 Neumáticos 225/35zr19 (88y) Pilot Sport 4s El Michelin
2026-08-03 10:27 - INFO - Sku: 546476
2026-08-03 10:27 - INFO - Precio viejo: 529640.4
2026-08-03 10:27 - INFO - Precio nuevo:1949962
2026-08-03 10:27 - INFO - Stock viejo: 0
2026-08-03 10:27 - INFO - Stock nuevo:1
2026-08-03 10:27 - INFO - https://articulo.mercadolibre.com.ar/MLA-743762048-kit-2-neumaticos-22535zr19-88y-pilot-sport-4s-el-michelin-_JM
2026-08-03 10:27 - INFO - 

2026-08-03 10:27 - INFO - Kit 2 Neu. Michelin 225/40r19 93y Pilot Sport 4 Zp Runflat Y
2026-08-03 10:27 - INFO - Sku: 616366
2026-08-03 10:27 - INFO - Precio viejo: 2251600
2026-08-03 10:27 - INFO - Precio nuevo:2319128
2026-08-03 10:27 - INFO - https://articulo.mercadolibre.com.ar/MLA-743730674-kit-2-neu-michelin-22540r19-93y-pilot-sport-4-zp-runflat-y-_JM
2026-08-03 10:27 - INFO - 

2026-08-03 10:27 - INFO - Kit 4 Michelin 225/45r19 96w Pilot Sport 4 Zp Run Flat
2026-08-03 10:27 - INFO - Sku: 960559
2026-08-03 10:27 - INFO - Precio viejo: 4912000
2026-08-03 10:27 - INFO - Precio nuevo:5059936
2026-08-03 10:27 - INFO - https://articulo.mercadolibre.com.ar/MLA-743758802-kit-4-michelin-22545r19-96w-pilot-sport-4-zp-run-flat-_JM
2026-08-03 10:27 - INFO - 

2026-08-03 10:27 - INFO - Kit 2 Michelin 225/45r19 96w Pilot Sport 4 Zp Run Flat
2026-08-03 10:27 - INFO - Sku: 960559
2026-08-03 10:27 - INFO - Precio viejo: 2456000
2026-08-03 10:27 - INFO - Precio nuevo:2529968
2026-08-03 10:27 - INFO - https://articulo.mercadolibre.com.ar/MLA-743728482-kit-2-michelin-22545r19-96w-pilot-sport-4-zp-run-flat-_JM
2026-08-03 10:27 - INFO - 

2026-08-03 10:27 - INFO - Kit De 2 Neumáticos Michelin Pilot Sport 4s 235/35r19 91 Y
2026-08-03 10:27 - INFO - Sku: 762575
2026-08-03 10:27 - INFO - Precio viejo: 1935628.4
2026-08-03 10:27 - INFO - Precio nuevo:2178378
2026-08-03 10:27 - INFO - Stock viejo: 0
2026-08-03 10:27 - INFO - Stock nuevo:2
2026-08-03 10:27 - INFO - https://articulo.mercadolibre.com.ar/MLA-1772079068-kit-de-2-neumaticos-michelin-pilot-sport-4s-23535r19-91-y-_JM
2026-08-03 10:27 - INFO - 

2026-08-03 10:27 - INFO - Kit 2 Neumáticos Michelin 235/35zr19 91y Pilot Sport 4s
2026-08-03 10:27 - INFO - Sku: 762575
2026-08-03 10:27 - INFO - Precio viejo: 1935628.4
2026-08-03 10:27 - INFO - Precio nuevo:2178378
2026-08-03 10:27 - INFO - Stock viejo: 0
2026-08-03 10:27 - INFO - Stock nuevo:2
2026-08-03 10:27 - INFO - https://articulo.mercadolibre.com.ar/MLA-743762831-kit-2-neumaticos-michelin-23535zr19-91y-pilot-sport-4s-_JM
2026-08-03 10:27 - INFO - 

2026-08-03 10:27 - INFO - Kit 4 Neumáticos Michelin 235/35r19 91y Pilot Sport 4s 
2026-08-03 10:27 - INFO - Sku: 762575
2026-08-03 10:27 - INFO - Precio viejo: 4356800
2026-08-03 10:27 - INFO - Precio nuevo:4356756
2026-08-03 10:27 - INFO - https://articulo.mercadolibre.com.ar/MLA-743730071-kit-4-neumaticos-michelin-23535r19-91y-pilot-sport-4s-_JM
2026-08-03 10:27 - INFO - 

2026-08-03 10:27 - INFO - Kit 2 Neumáticos Michelin 235/40r19 96y Pilot Sport 4s Y
2026-08-03 10:27 - INFO - Sku: 994993
2026-08-03 10:27 - INFO - Precio viejo: 2515800
2026-08-03 10:27 - INFO - Precio nuevo:2515942
2026-08-03 10:27 - INFO - https://articulo.mercadolibre.com.ar/MLA-839133348-kit-2-neumaticos-michelin-23540r19-96y-pilot-sport-4s-y-_JM
2026-08-03 10:27 - INFO - 

2026-08-03 10:27 - INFO - Kit 4 Neumáticos Michelin 235/45r19 99y Pilot Sport 5 Y
2026-08-03 10:27 - INFO - Sku: 415764
2026-08-03 10:27 - INFO - Stock viejo: 1
2026-08-03 10:27 - INFO - Stock nuevo:0
2026-08-03 10:27 - INFO - https://articulo.mercadolibre.com.ar/MLA-814996561-kit-4-neumaticos-michelin-23545r19-99y-pilot-sport-5-y-_JM 

2026-08-03 10:27 - INFO - Kit 2 Neumáticos Michelin 235/45r19 99y Pilot Sport 5 Y
2026-08-03 10:27 - INFO - Sku: 415764
2026-08-03 10:27 - INFO - Precio viejo: 1837800
2026-08-03 10:27 - INFO - Precio nuevo:1892916
2026-08-03 10:27 - INFO - Stock viejo: 2
2026-08-03 10:27 - INFO - Stock nuevo:1
2026-08-03 10:27 - INFO - https://articulo.mercadolibre.com.ar/MLA-814996547-kit-2-neumaticos-michelin-23545r19-99y-pilot-sport-5-y-_JM
2026-08-03 10:27 - INFO - 

2026-08-03 10:27 - INFO - Kit 4 Neumáticos Michelin 235/50r19 99w Latitude Sport 3 W
2026-08-03 10:27 - INFO - Sku: 666886
2026-08-03 10:27 - INFO - Precio viejo: 4892000
2026-08-03 10:27 - INFO - Precio nuevo:4199544
2026-08-03 10:27 - INFO - https://articulo.mercadolibre.com.ar/MLA-826775984-kit-4-neumaticos-michelin-23550r19-99w-latitude-sport-3-w-_JM
2026-08-03 10:27 - INFO - 

2026-08-03 10:27 - INFO - Kit 2 Neumáticos Michelin 235/50r19 99w Latitude Sport 3 V
2026-08-03 10:27 - INFO - Sku: 666886
2026-08-03 10:27 - INFO - Precio viejo: 2446000
2026-08-03 10:27 - INFO - Precio nuevo:2099772
2026-08-03 10:27 - INFO - https://articulo.mercadolibre.com.ar/MLA-743729065-kit-2-neumaticos-michelin-23550r19-99w-latitude-sport-3-v-_JM
2026-08-03 10:27 - INFO - 

2026-08-03 10:27 - INFO - Kit 2 Neumáticos Michelin 235/50r19 103y Pilot Sport 4 Suv V
2026-08-03 10:27 - INFO - Sku: 184440
2026-08-03 10:27 - INFO - Precio viejo: 2457626.08
2026-08-03 10:27 - INFO - Precio nuevo:2066264
2026-08-03 10:27 - INFO - https://articulo.mercadolibre.com.ar/MLA-814995706-kit-2-neumaticos-michelin-23550r19-103y-pilot-sport-4-suv-v-_JM
2026-08-03 10:27 - INFO - 

2026-08-03 10:27 - INFO - Kit 2 Neumáticos Michelin 235/55r19 101y Latitude Sport 3  Y
2026-08-03 10:27 - INFO - Sku: 056615
2026-08-03 10:27 - INFO - Precio viejo: 2200301.08
2026-08-03 10:27 - INFO - Precio nuevo:2230488
2026-08-03 10:27 - INFO - Stock viejo: 0
2026-08-03 10:27 - INFO - Stock nuevo:1
2026-08-03 10:27 - INFO - https://articulo.mercadolibre.com.ar/MLA-743727729-kit-2-neumaticos-michelin-23555r19-101y-latitude-sport-3-y-_JM
2026-08-03 10:27 - INFO - 

2026-08-03 10:27 - INFO - Kit 4 Michelin 235/55r19 101v Pilot Sport 4 Suv Zp Runflat V
2026-08-03 10:27 - INFO - Sku: 769514
2026-08-03 10:27 - INFO - Precio viejo: 3996000
2026-08-03 10:27 - INFO - Precio nuevo:4443208
2026-08-03 10:27 - INFO - Stock viejo: 2
2026-08-03 10:27 - INFO - Stock nuevo:1
2026-08-03 10:27 - INFO - https://articulo.mercadolibre.com.ar/MLA-743755692-kit-4-michelin-23555r19-101v-pilot-sport-4-suv-zp-runflat-v-_JM
2026-08-03 10:27 - INFO - 

2026-08-03 10:27 - INFO - Kit 2 Michelin 235/55r19 101v Pilot Sport 4 Suv Zp Run Flat Y
2026-08-03 10:27 - INFO - Sku: 769514
2026-08-03 10:27 - INFO - Precio viejo: 1998000
2026-08-03 10:27 - INFO - Precio nuevo:2221604
2026-08-03 10:27 - INFO - https://articulo.mercadolibre.com.ar/MLA-814996571-kit-2-michelin-23555r19-101v-pilot-sport-4-suv-zp-run-flat-y-_JM
2026-08-03 10:27 - INFO - 

2026-08-03 10:27 - INFO - Kit 4 Neumáticos Bfgoodrich 235/55r19 105h Trail Terrain T/a H
2026-08-03 10:27 - INFO - Sku: 242407
2026-08-03 10:27 - INFO - Precio viejo: 3394000
2026-08-03 10:27 - INFO - Precio nuevo:3394120
2026-08-03 10:27 - INFO - https://articulo.mercadolibre.com.ar/MLA-743727820-kit-4-neumaticos-bfgoodrich-23555r19-105h-trail-terrain-ta-h-_JM
2026-08-03 10:27 - INFO - 

2026-08-03 10:27 - INFO - Kit 2 Neumáticos Michelin 245/35zr19 (93y) Pilot Sport 4s 
2026-08-03 10:27 - INFO - Sku: 856217
2026-08-03 10:27 - INFO - Precio viejo: 1109407.18
2026-08-03 10:27 - INFO - Precio nuevo:1944992
2026-08-03 10:27 - INFO - Stock viejo: 2
2026-08-03 10:27 - INFO - Stock nuevo:1
2026-08-03 10:27 - INFO - https://articulo.mercadolibre.com.ar/MLA-743730335-kit-2-neumaticos-michelin-24535zr19-93y-pilot-sport-4s-_JM
2026-08-03 10:27 - INFO - 

2026-08-03 10:27 - INFO - Kit 2 Neumáticos Michelin 245/35r19 93y Pilot Sport 4s
2026-08-03 10:27 - INFO - Sku: 856217
2026-08-03 10:27 - INFO - Precio viejo: 2134600
2026-08-03 10:27 - INFO - Precio nuevo:2198686
2026-08-03 10:27 - INFO - https://articulo.mercadolibre.com.ar/MLA-743763087-kit-2-neumaticos-michelin-24535r19-93y-pilot-sport-4s-_JM
2026-08-03 10:27 - INFO - 

2026-08-03 10:27 - INFO - Neumático Michelin 245/40r19 98y Pilot Sport 4s Y
2026-08-03 10:27 - INFO - Sku: 760725
2026-08-03 10:27 - INFO - Stock viejo: 2
2026-08-03 10:27 - INFO - Stock nuevo:0
2026-08-03 10:27 - INFO - https://articulo.mercadolibre.com.ar/MLA-692179507-neumatico-michelin-24540r19-98y-pilot-sport-4s-y-_JM 

2026-08-03 10:27 - INFO - Neumático Michelin 245/40r19 98y Pilot Sport 4s Y
2026-08-03 10:27 - INFO - Sku: 760725
2026-08-03 10:27 - INFO - Stock viejo: 2
2026-08-03 10:27 - INFO - Stock nuevo:0
2026-08-03 10:27 - INFO - https://articulo.mercadolibre.com.ar/MLA-692179507-neumatico-michelin-24540r19-98y-pilot-sport-4s-y-_JM 

2026-08-03 10:27 - INFO - Kit 2 Neumáticos Michelin 245/40r19 98y Pilot Sport 4s Y
2026-08-03 10:27 - INFO - Sku: 760725
2026-08-03 10:27 - INFO - Precio viejo: 2094000
2026-08-03 10:27 - INFO - Precio nuevo:2094114
2026-08-03 10:27 - INFO - https://articulo.mercadolibre.com.ar/MLA-743730043-kit-2-neumaticos-michelin-24540r19-98y-pilot-sport-4s-y-_JM
2026-08-03 10:27 - INFO - 

2026-08-03 10:27 - INFO - Kit 2 Neumáticos Michelin 245/45r19 98y Primacy 3 Zp* 
2026-08-03 10:27 - INFO - Sku: 241279
2026-08-03 10:27 - INFO - Precio viejo: 849108.72
2026-08-03 10:27 - INFO - Precio nuevo:2810322
2026-08-03 10:27 - INFO - Stock viejo: 4
2026-08-03 10:27 - INFO - Stock nuevo:2
2026-08-03 10:27 - INFO - https://articulo.mercadolibre.com.ar/MLA-743758720-kit-2-neumaticos-michelin-24545r19-98y-primacy-3-zp-_JM
2026-08-03 10:27 - INFO - 

2026-08-03 10:27 - INFO - Kit 4 Neumáticos Michelin 245/45r19 98y Primacy 3 Zp Runflat
2026-08-03 10:27 - INFO - Sku: 241279
2026-08-03 10:27 - INFO - Precio viejo: 5456800
2026-08-03 10:27 - INFO - Precio nuevo:5620644
2026-08-03 10:27 - INFO - https://articulo.mercadolibre.com.ar/MLA-743728409-kit-4-neumaticos-michelin-24545r19-98y-primacy-3-zp-runflat-_JM
2026-08-03 10:27 - INFO - 

2026-08-03 10:27 - INFO - Kit 4 Neumáticos Michelin 245/45r19 102y Pilot Sport 5
2026-08-03 10:27 - INFO - Sku: 616037
2026-08-03 10:27 - INFO - Precio viejo: 4911200
2026-08-03 10:27 - INFO - Precio nuevo:5058580
2026-08-03 10:27 - INFO - https://articulo.mercadolibre.com.ar/MLA-743758725-kit-4-neumaticos-michelin-24545r19-102y-pilot-sport-5-_JM
2026-08-03 10:27 - INFO - 

2026-08-03 10:27 - INFO - Kit 2 Neumáticos Michelin 245/45r19 102y Pilot Sport 5 R
2026-08-03 10:27 - INFO - Sku: 616037
2026-08-03 10:27 - INFO - Precio viejo: 2455600
2026-08-03 10:27 - INFO - Precio nuevo:2529290
2026-08-03 10:27 - INFO - https://articulo.mercadolibre.com.ar/MLA-743758408-kit-2-neumaticos-michelin-24545r19-102y-pilot-sport-5-r-_JM
2026-08-03 10:27 - INFO - 

2026-08-03 10:27 - INFO - Kit 4 Neumáticos Michelin 245/50r19 105w Latitude Sport 3 Zp
2026-08-03 10:27 - INFO - Sku: 414419
2026-08-03 10:27 - INFO - Precio viejo: 1734020.43
2026-08-03 10:27 - INFO - Precio nuevo:5739232
2026-08-03 10:27 - INFO - https://articulo.mercadolibre.com.ar/MLA-743761688-kit-4-neumaticos-michelin-24550r19-105w-latitude-sport-3-zp-_JM
2026-08-03 10:27 - INFO - 

2026-08-03 10:27 - INFO - Kit 2 Neumáticos Michelin 245/50r19 105w Latitude Sport 3 Zp
2026-08-03 10:27 - INFO - Sku: 414419
2026-08-03 10:27 - INFO - Precio viejo: 867010.21
2026-08-03 10:27 - INFO - Precio nuevo:2869616
2026-08-03 10:27 - INFO - https://articulo.mercadolibre.com.ar/MLA-743761687-kit-2-neumaticos-michelin-24550r19-105w-latitude-sport-3-zp-_JM
2026-08-03 10:27 - INFO - 

2026-08-03 10:27 - INFO - Kit 2 Neum.michelin 255/30r19 91y Pilot Sport 4s Zp Run Flat Y
2026-08-03 10:27 - INFO - Sku: 873387
2026-08-03 10:27 - INFO - Precio viejo: 3071600
2026-08-03 10:27 - INFO - Precio nuevo:3071592
2026-08-03 10:27 - INFO - https://articulo.mercadolibre.com.ar/MLA-814996578-kit-2-neummichelin-25530r19-91y-pilot-sport-4s-zp-run-flat-y-_JM
2026-08-03 10:27 - INFO - 

2026-08-03 10:27 - INFO - Kit 2 Neumáticos Michelin 255/35r19 96y Pilot Sport 4s
2026-08-03 10:27 - INFO - Sku: 626309
2026-08-03 10:27 - INFO - Stock viejo: 2
2026-08-03 10:27 - INFO - Stock nuevo:0
2026-08-03 10:27 - INFO - https://articulo.mercadolibre.com.ar/MLA-743762449-kit-2-neumaticos-michelin-25535r19-96y-pilot-sport-4s-_JM 

2026-08-03 10:27 - INFO - Neumático Michelin 255/35r19 96y Pilot Sport 4s
2026-08-03 10:27 - INFO - Sku: 626309
2026-08-03 10:27 - INFO - Precio viejo: 910099.17
2026-08-03 10:27 - INFO - Precio nuevo:1335413
2026-08-03 10:27 - INFO - Stock viejo: 0
2026-08-03 10:27 - INFO - Stock nuevo:1
2026-08-03 10:27 - INFO - https://articulo.mercadolibre.com.ar/MLA-692174805-neumatico-michelin-25535r19-96y-pilot-sport-4s-_JM
2026-08-03 10:27 - INFO - 

2026-08-03 10:27 - INFO - Kit 2 Michelin 255/35r19 96y Pilot Sport 4 Zp Run Flat
2026-08-03 10:27 - INFO - Sku: 388514
2026-08-03 10:27 - INFO - Precio viejo: 2935000
2026-08-03 10:27 - INFO - Precio nuevo:3023054
2026-08-03 10:27 - INFO - https://articulo.mercadolibre.com.ar/MLA-743729751-kit-2-michelin-25535r19-96y-pilot-sport-4-zp-run-flat-_JM
2026-08-03 10:27 - INFO - 

2026-08-03 10:27 - INFO - Kit 2 Neumáticos Michelin 255/40zr19 (100y) Pilot Sport 4s
2026-08-03 10:27 - INFO - Sku: 337467
2026-08-03 10:27 - INFO - Precio viejo: 917686.25
2026-08-03 10:27 - INFO - Precio nuevo:3037356
2026-08-03 10:27 - INFO - Stock viejo: 3
2026-08-03 10:27 - INFO - Stock nuevo:1
2026-08-03 10:27 - INFO - https://articulo.mercadolibre.com.ar/MLA-743760146-kit-2-neumaticos-michelin-25540zr19-100y-pilot-sport-4s-_JM
2026-08-03 10:27 - INFO - 

2026-08-03 10:27 - INFO - Kit 2 Neu.michelin 255/50r19 107w Latitude Sport3 Zp Runflat W
2026-08-03 10:27 - INFO - Sku: 919695
2026-08-03 10:27 - INFO - Precio viejo: 3053947.92
2026-08-03 10:27 - INFO - Precio nuevo:2291760
2026-08-03 10:27 - INFO - Stock viejo: 0
2026-08-03 10:27 - INFO - Stock nuevo:1
2026-08-03 10:27 - INFO - https://articulo.mercadolibre.com.ar/MLA-743763273-kit-2-neumichelin-25550r19-107w-latitude-sport3-zp-runflat-w-_JM
2026-08-03 10:27 - INFO - 

2026-08-03 10:27 - INFO - Kit 2 Neumático Michelín 255/50r19 103y Latitude Sport 3 No 
2026-08-03 10:27 - INFO - Sku: 385103
2026-08-03 10:27 - INFO - Precio viejo: 613314.46
2026-08-03 10:27 - INFO - Precio nuevo:1893914
2026-08-03 10:27 - INFO - Stock viejo: 0
2026-08-03 10:27 - INFO - Stock nuevo:1
2026-08-03 10:27 - INFO - https://articulo.mercadolibre.com.ar/MLA-763117872-kit-2-neumatico-michelin-25550r19-103y-latitude-sport-3-no-_JM
2026-08-03 10:27 - INFO - 

2026-08-03 10:27 - INFO - Kit 2 Neumáticos Michelín 255/50r19 103y Latitude Sport 3 No
2026-08-03 10:27 - INFO - Sku: 385103
2026-08-03 10:27 - INFO - Precio viejo: 785042.54
2026-08-03 10:27 - INFO - Precio nuevo:2140948
2026-08-03 10:27 - INFO - Stock viejo: 0
2026-08-03 10:27 - INFO - Stock nuevo:1
2026-08-03 10:27 - INFO - https://articulo.mercadolibre.com.ar/MLA-763117651-kit-2-neumaticos-michelin-25550r19-103y-latitude-sport-3-no-_JM
2026-08-03 10:27 - INFO - 

2026-08-03 10:27 - INFO - Kit 4 Neumáticos Michelin 255/55r19 111h Ltx Force
2026-08-03 10:27 - INFO - Sku: 967880
2026-08-03 10:27 - INFO - Precio viejo: 3012000
2026-08-03 10:27 - INFO - Precio nuevo:2530356
2026-08-03 10:27 - INFO - https://articulo.mercadolibre.com.ar/MLA-743759577-kit-4-neumaticos-michelin-25555r19-111h-ltx-force-_JM
2026-08-03 10:27 - INFO - 

2026-08-03 10:27 - INFO - Kit 2 Neumáticos Michelin 255/55r19 111h Ltx Force V
2026-08-03 10:27 - INFO - Sku: 967880
2026-08-03 10:27 - INFO - Precio viejo: 1506000
2026-08-03 10:27 - INFO - Precio nuevo:1265178
2026-08-03 10:27 - INFO - https://articulo.mercadolibre.com.ar/MLA-814996599-kit-2-neumaticos-michelin-25555r19-111h-ltx-force-v-_JM
2026-08-03 10:27 - INFO - 

2026-08-03 10:27 - INFO - Kit 2 Neumáticos Michelin 255/55r19 111v Primacy Suv+ V
2026-08-03 10:27 - INFO - Sku: 959714
2026-08-03 10:27 - INFO - Precio viejo: 1505000
2026-08-03 10:27 - INFO - Precio nuevo:1265176
2026-08-03 10:27 - INFO - https://articulo.mercadolibre.com.ar/MLA-3066151040-kit-2-neumaticos-michelin-25555r19-111v-primacy-suv-v-_JM
2026-08-03 10:27 - INFO - 

2026-08-03 10:27 - INFO - Kit 4 Neumáticos Michelin 255/55r19 111v Primacy Suv+ V
2026-08-03 10:27 - INFO - Sku: 959714
2026-08-03 10:27 - INFO - Precio viejo: 3010000
2026-08-03 10:27 - INFO - Precio nuevo:2530352
2026-08-03 10:27 - INFO - https://articulo.mercadolibre.com.ar/MLA-1708339899-kit-4-neumaticos-michelin-25555r19-111v-primacy-suv-v-_JM
2026-08-03 10:27 - INFO - 

2026-08-03 10:27 - INFO - Kit 4 Neumáticos Bfgoodrich 255/55r19 111h Trail Terrain T/a V
2026-08-03 10:27 - INFO - Sku: 882848
2026-08-03 10:27 - INFO - Precio viejo: 3485600
2026-08-03 10:27 - INFO - Precio nuevo:3296044
2026-08-03 10:27 - INFO - https://articulo.mercadolibre.com.ar/MLA-814995749-kit-4-neumaticos-bfgoodrich-25555r19-111h-trail-terrain-ta-v-_JM
2026-08-03 10:27 - INFO - 

2026-08-03 10:27 - INFO - Kit 2 Neumáticos Michelin 265/35zr19 (98y) Pilot Sport 4s 
2026-08-03 10:27 - INFO - Sku: 731632
2026-08-03 10:27 - INFO - Precio viejo: 1832515.21
2026-08-03 10:27 - INFO - Precio nuevo:3228220
2026-08-03 10:27 - INFO - https://articulo.mercadolibre.com.ar/MLA-743762759-kit-2-neumaticos-michelin-26535zr19-98y-pilot-sport-4s-_JM
2026-08-03 10:27 - INFO - 

2026-08-03 10:27 - INFO - Kit 2 Michelin 265/50r19 107y Latitude Sport 3 Zp Run Flat Y
2026-08-03 10:27 - INFO - Sku: 037639
2026-08-03 10:27 - INFO - Precio viejo: 3100565.97
2026-08-03 10:27 - INFO - Precio nuevo:3003548
2026-08-03 10:27 - INFO - Stock viejo: 0
2026-08-03 10:27 - INFO - Stock nuevo:1
2026-08-03 10:27 - INFO - https://articulo.mercadolibre.com.ar/MLA-814996958-kit-2-michelin-26550r19-107y-latitude-sport-3-zp-run-flat-y-_JM
2026-08-03 10:27 - INFO - 

2026-08-03 10:27 - INFO - Kit 4 Neumáticos Michelin 265/50r19 110y Pilot Sport 4 Suv Y
2026-08-03 10:27 - INFO - Sku: 882370
2026-08-03 10:27 - INFO - Precio viejo: 4711716.23
2026-08-03 10:27 - INFO - Precio nuevo:4528424
2026-08-03 10:27 - INFO - https://articulo.mercadolibre.com.ar/MLA-814996617-kit-4-neumaticos-michelin-26550r19-110y-pilot-sport-4-suv-y-_JM
2026-08-03 10:27 - INFO - 

2026-08-03 10:27 - INFO - Kit 2 Neumáticos Michelin 265/50r19 110ypilot Sport 4 Suv Y
2026-08-03 10:27 - INFO - Sku: 882370
2026-08-03 10:27 - INFO - Precio viejo: 2198193.31
2026-08-03 10:27 - INFO - Precio nuevo:2264212
2026-08-03 10:27 - INFO - Stock viejo: 0
2026-08-03 10:27 - INFO - Stock nuevo:2
2026-08-03 10:27 - INFO - https://articulo.mercadolibre.com.ar/MLA-814996605-kit-2-neumaticos-michelin-26550r19-110ypilot-sport-4-suv-y-_JM
2026-08-03 10:27 - INFO - 

2026-08-03 10:27 - INFO - Kit 2 Neu. Michelin 275/35r19 100y Pilot Sport 4 Zp Runflat Y
2026-08-03 10:27 - INFO - Sku: 708227
2026-08-03 10:27 - INFO - Precio viejo: 3796000
2026-08-03 10:27 - INFO - Precio nuevo:3795088
2026-08-03 10:27 - INFO - https://articulo.mercadolibre.com.ar/MLA-851224147-kit-2-neu-michelin-27535r19-100y-pilot-sport-4-zp-runflat-y-_JM
2026-08-03 10:27 - INFO - 

2026-08-03 10:27 - INFO - Neumático Michelin 275/40r19 101y Primacy 3 Zp Runflat
2026-08-03 10:27 - INFO - Sku: 167883
2026-08-03 10:27 - INFO - Stock viejo: 4
2026-08-03 10:27 - INFO - Stock nuevo:0
2026-08-03 10:27 - INFO - https://articulo.mercadolibre.com.ar/MLA-743757565-neumatico-michelin-27540r19-101y-primacy-3-zp-runflat-_JM 

2026-08-03 10:27 - INFO - Kit 2 Neu. Michelin 275/40r19 101y Primacy 3 Zp Run Flat
2026-08-03 10:27 - INFO - Sku: 167883
2026-08-03 10:27 - INFO - Precio viejo: 3298000
2026-08-03 10:27 - INFO - Precio nuevo:3220892
2026-08-03 10:27 - INFO - Stock viejo: 2
2026-08-03 10:27 - INFO - Stock nuevo:3
2026-08-03 10:27 - INFO - https://articulo.mercadolibre.com.ar/MLA-743728187-kit-2-neu-michelin-27540r19-101y-primacy-3-zp-run-flat-_JM
2026-08-03 10:27 - INFO - 

2026-08-03 10:27 - INFO - Kit 4 Neu. Michelin 275/40r19 101y Primacy 3 Zp Run Flat
2026-08-03 10:27 - INFO - Sku: 167883
2026-08-03 10:27 - INFO - Precio viejo: 6596000
2026-08-03 10:27 - INFO - Precio nuevo:6441784
2026-08-03 10:27 - INFO - https://articulo.mercadolibre.com.ar/MLA-743728178-kit-4-neu-michelin-27540r19-101y-primacy-3-zp-run-flat-_JM
2026-08-03 10:27 - INFO - 

2026-08-03 10:27 - INFO - Neumático Michelin 275/40r19 105y Pilot Sport 4s
2026-08-03 10:27 - INFO - Sku: 946969
2026-08-03 10:27 - INFO - Stock viejo: 4
2026-08-03 10:27 - INFO - Stock nuevo:0
2026-08-03 10:27 - INFO - https://articulo.mercadolibre.com.ar/MLA-692179570-neumatico-michelin-27540r19-105y-pilot-sport-4s-_JM 

2026-08-03 10:27 - INFO - Kit 2 Neumáticos Michelin 275/40r19 105y Pilot Sport 4s
2026-08-03 10:27 - INFO - Sku: 946969
2026-08-03 10:27 - INFO - Precio viejo: 2788000
2026-08-03 10:27 - INFO - Precio nuevo:2712064
2026-08-03 10:27 - INFO - https://articulo.mercadolibre.com.ar/MLA-743730734-kit-2-neumaticos-michelin-27540r19-105y-pilot-sport-4s-_JM
2026-08-03 10:27 - INFO - 

2026-08-03 10:27 - INFO - Kit 4 Neumáticos Michelin 275/40r19 105y Pilot Sport 4s Y
2026-08-03 10:27 - INFO - Sku: 946969
2026-08-03 10:27 - INFO - Precio viejo: 5576000
2026-08-03 10:27 - INFO - Precio nuevo:5424128
2026-08-03 10:27 - INFO - https://articulo.mercadolibre.com.ar/MLA-743730736-kit-4-neumaticos-michelin-27540r19-105y-pilot-sport-4s-y-_JM
2026-08-03 10:27 - INFO - 

2026-08-03 10:27 - INFO - Neumatico Michelin 275/45r19 108y Latitude Sport 3 Xl Y
2026-08-03 10:27 - INFO - Sku: 233435
2026-08-03 10:27 - INFO - Precio viejo: 689000
2026-08-03 10:27 - INFO - Precio nuevo:808647
2026-08-03 10:27 - INFO - https://articulo.mercadolibre.com.ar/MLA-2550435552-neumatico-michelin-27545r19-108y-latitude-sport-3-xl-y-_JM
2026-08-03 10:27 - INFO - 

2026-08-03 10:27 - INFO - Kit 2 Neumáticos Michelin 275/50r19 (112y) Latitude Sport 3
2026-08-03 10:27 - INFO - Sku: 766829
2026-08-03 10:27 - INFO - Precio viejo: 1768897.12
2026-08-03 10:27 - INFO - Precio nuevo:2055400
2026-08-03 10:27 - INFO - https://articulo.mercadolibre.com.ar/MLA-743730107-kit-2-neumaticos-michelin-27550r19-112y-latitude-sport-3-_JM
2026-08-03 10:27 - INFO - 

2026-08-03 10:27 - INFO - Kit 2 Neumáticos Michelin 275/50r19 112y Latitude Sport 3
2026-08-03 10:27 - INFO - Sku: 766829
2026-08-03 10:27 - INFO - Precio viejo: 1999000
2026-08-03 10:27 - INFO - Precio nuevo:2323496
2026-08-03 10:27 - INFO - https://articulo.mercadolibre.com.ar/MLA-743762876-kit-2-neumaticos-michelin-27550r19-112y-latitude-sport-3-_JM
2026-08-03 10:27 - INFO - 

2026-08-03 10:27 - INFO - Kit 4 Neumáticos 275/50r19 (112y) Latitude Sport 3
2026-08-03 10:27 - INFO - Sku: 766829
2026-08-03 10:27 - INFO - Precio viejo: 3537794.22
2026-08-03 10:27 - INFO - Precio nuevo:4646992
2026-08-03 10:27 - INFO - https://articulo.mercadolibre.com.ar/MLA-743762869-kit-4-neumaticos-27550r19-112y-latitude-sport-3-_JM
2026-08-03 10:27 - INFO - 

2026-08-03 10:27 - INFO - Kit 2 Michelin 285/45r19 111w Latitude Sport 3 Zp Run Flat W
2026-08-03 10:27 - INFO - Sku: 543939
2026-08-03 10:27 - INFO - Precio viejo: 3021400
2026-08-03 10:27 - INFO - Precio nuevo:3111992
2026-08-03 10:27 - INFO - https://articulo.mercadolibre.com.ar/MLA-743762041-kit-2-michelin-28545r19-111w-latitude-sport-3-zp-run-flat-w-_JM
2026-08-03 10:27 - INFO - 

2026-08-03 10:27 - INFO - Kit 2 Neumáticos Michelin 295/35zr19 (104y) Pilot Sport 4s 
2026-08-03 10:27 - INFO - Sku: 709882
2026-08-03 10:27 - INFO - Precio viejo: 2674238.17
2026-08-03 10:27 - INFO - Precio nuevo:2248218
2026-08-03 10:27 - INFO - https://articulo.mercadolibre.com.ar/MLA-743729926-kit-2-neumaticos-michelin-29535zr19-104y-pilot-sport-4s-_JM
2026-08-03 10:27 - INFO - 

2026-08-03 10:27 - INFO - Kit 2 Neumáticos Michelin 295/35r19 104y Pilot Sport 4s 
2026-08-03 10:27 - INFO - Sku: 709882
2026-08-03 10:27 - INFO - Precio viejo: 2356600
2026-08-03 10:27 - INFO - Precio nuevo:2541464
2026-08-03 10:27 - INFO - https://articulo.mercadolibre.com.ar/MLA-743762701-kit-2-neumaticos-michelin-29535r19-104y-pilot-sport-4s-_JM
2026-08-03 10:27 - INFO - 

2026-08-03 10:27 - INFO - Kit 2 Neumáticos 305/30zr19 (102y) Pilot Sport 4s El
2026-08-03 10:27 - INFO - Sku: 146325
2026-08-03 10:27 - INFO - Precio viejo: 529805.52
2026-08-03 10:27 - INFO - Precio nuevo:2760774
2026-08-03 10:27 - INFO - Stock viejo: 0
2026-08-03 10:27 - INFO - Stock nuevo:1
2026-08-03 10:27 - INFO - https://articulo.mercadolibre.com.ar/MLA-743728142-kit-2-neumaticos-30530zr19-102y-pilot-sport-4s-el-_JM
2026-08-03 10:27 - INFO - 

2026-08-03 10:27 - INFO - Kit 2 Neumáticos Michelin 305/30r19 102y Pilot Sport 4s 
2026-08-03 10:27 - INFO - Sku: 146325
2026-08-03 10:27 - INFO - Precio viejo: 2968000
2026-08-03 10:27 - INFO - Precio nuevo:3120876
2026-08-03 10:27 - INFO - https://articulo.mercadolibre.com.ar/MLA-743757108-kit-2-neumaticos-michelin-30530r19-102y-pilot-sport-4s-_JM
2026-08-03 10:27 - INFO - 

2026-08-03 10:27 - INFO - Kit 2 Michelin 225/40r20 94y Pilot Sport 4 Suv Zp Run Flat Y
2026-08-03 10:27 - INFO - Sku: 513293
2026-08-03 10:27 - INFO - Precio viejo: 2736800
2026-08-03 10:27 - INFO - Precio nuevo:2736710
2026-08-03 10:27 - INFO - https://articulo.mercadolibre.com.ar/MLA-1876589352-kit-2-michelin-22540r20-94y-pilot-sport-4-suv-zp-run-flat-y-_JM
2026-08-03 10:27 - INFO - 

2026-08-03 10:27 - INFO - Kit 2 Neumáticos Michelin 235/45r20 100v Primacy 4+
2026-08-03 10:27 - INFO - Sku: 310226
2026-08-03 10:27 - INFO - Precio viejo: 1612000
2026-08-03 10:27 - INFO - Precio nuevo:1793788
2026-08-03 10:27 - INFO - Stock viejo: 2
2026-08-03 10:27 - INFO - Stock nuevo:4
2026-08-03 10:27 - INFO - https://articulo.mercadolibre.com.ar/MLA-743730367-kit-2-neumaticos-michelin-23545r20-100v-primacy-4-_JM
2026-08-03 10:27 - INFO - 

2026-08-03 10:27 - INFO - Kit 4 Neumáticos Michelin 235/45r20 100v Primacy 4+
2026-08-03 10:27 - INFO - Sku: 310226
2026-08-03 10:27 - INFO - Precio viejo: 3224000
2026-08-03 10:27 - INFO - Precio nuevo:3587576
2026-08-03 10:27 - INFO - Stock viejo: 1
2026-08-03 10:27 - INFO - Stock nuevo:2
2026-08-03 10:27 - INFO - https://articulo.mercadolibre.com.ar/MLA-743730381-kit-4-neumaticos-michelin-23545r20-100v-primacy-4-_JM
2026-08-03 10:27 - INFO - 

2026-08-03 10:27 - INFO - Kit 2 Neumáticos Michelin 235/45r20 100y Pilot Sport 4s
2026-08-03 10:27 - INFO - Sku: 866987
2026-08-03 10:27 - INFO - Precio viejo: 2518800
2026-08-03 10:27 - INFO - Precio nuevo:2669348
2026-08-03 10:27 - INFO - https://articulo.mercadolibre.com.ar/MLA-743763153-kit-2-neumaticos-michelin-23545r20-100y-pilot-sport-4s-_JM
2026-08-03 10:27 - INFO - 

2026-08-03 10:27 - INFO - Kit 4 Neumáticos Michelin 235/45r20 100y Pilot Sport 4s
2026-08-03 10:27 - INFO - Sku: 866987
2026-08-03 10:27 - INFO - Precio viejo: 5037600
2026-08-03 10:27 - INFO - Precio nuevo:5338696
2026-08-03 10:27 - INFO - https://articulo.mercadolibre.com.ar/MLA-743763155-kit-4-neumaticos-michelin-23545r20-100y-pilot-sport-4s-_JM
2026-08-03 10:27 - INFO - 

2026-08-03 10:27 - INFO - Neumático Michelin 235/45r20 100y Pilot Sport 4s Y
2026-08-03 10:27 - INFO - Sku: 866987
2026-08-03 10:27 - INFO - Precio viejo: 1259400
2026-08-03 10:27 - INFO - Precio nuevo:1334674
2026-08-03 10:27 - INFO - Stock viejo: 4
2026-08-03 10:27 - INFO - Stock nuevo:5
2026-08-03 10:27 - INFO - https://articulo.mercadolibre.com.ar/MLA-692174780-neumatico-michelin-23545r20-100y-pilot-sport-4s-y-_JM
2026-08-03 10:27 - INFO - 

2026-08-03 10:27 - INFO - Kit 2 Neu.michelin 245/35r20 95y Pilot Sport 3 Zp Run Flat Y
2026-08-03 10:27 - INFO - Sku: 724271
2026-08-03 10:27 - INFO - Precio viejo: 1620875.11
2026-08-03 10:27 - INFO - Precio nuevo:2580868
2026-08-03 10:27 - INFO - Stock viejo: 0
2026-08-03 10:27 - INFO - Stock nuevo:3
2026-08-03 10:27 - INFO - https://articulo.mercadolibre.com.ar/MLA-743762749-kit-2-neumichelin-24535r20-95y-pilot-sport-3-zp-run-flat-y-_JM
2026-08-03 10:27 - INFO - 

2026-08-03 10:27 - INFO - Kit 4 Neumáticos Michelin 245/35r20 95y Pilot Sport 3 Zp
2026-08-03 10:27 - INFO - Sku: 724271
2026-08-03 10:27 - INFO - Precio viejo: 4234210.42
2026-08-03 10:27 - INFO - Precio nuevo:5161736
2026-08-03 10:27 - INFO - https://articulo.mercadolibre.com.ar/MLA-743762752-kit-4-neumaticos-michelin-24535r20-95y-pilot-sport-3-zp-_JM
2026-08-03 10:27 - INFO - 

2026-08-03 10:27 - INFO - Kit 2 Neumáticos Michelin 245/35r20 95y Pilot Sport 4s Y
2026-08-03 10:27 - INFO - Sku: 922041
2026-08-03 10:27 - INFO - Precio viejo: 3075200
2026-08-03 10:27 - INFO - Precio nuevo:3167376
2026-08-03 10:27 - INFO - https://articulo.mercadolibre.com.ar/MLA-781713202-kit-2-neumaticos-michelin-24535r20-95y-pilot-sport-4s-y-_JM
2026-08-03 10:27 - INFO - 

2026-08-03 10:27 - INFO - Kit 2 Neumáticos Michelin 245/40zr20 99y Pilot Sport 4 Zp 
2026-08-03 10:27 - INFO - Sku: 238305
2026-08-03 10:27 - INFO - Precio viejo: 685893.31
2026-08-03 10:27 - INFO - Precio nuevo:3213152
2026-08-03 10:27 - INFO - Stock viejo: 2
2026-08-03 10:27 - INFO - Stock nuevo:1
2026-08-03 10:27 - INFO - https://articulo.mercadolibre.com.ar/MLA-743728389-kit-2-neumaticos-michelin-24540zr20-99y-pilot-sport-4-zp-_JM
2026-08-03 10:27 - INFO - 

2026-08-03 10:27 - INFO - Kit 2 Neu.michelin 245/40r20 99y Pilot Sport 4 Zp Runflat Y
2026-08-03 10:27 - INFO - Sku: 238305
2026-08-03 10:27 - INFO - Precio viejo: 3091338.11
2026-08-03 10:27 - INFO - Precio nuevo:3632260
2026-08-03 10:27 - INFO - Stock viejo: 2
2026-08-03 10:27 - INFO - Stock nuevo:1
2026-08-03 10:27 - INFO - https://articulo.mercadolibre.com.ar/MLA-743762754-kit-2-neumichelin-24540r20-99y-pilot-sport-4-zp-runflat-y-_JM
2026-08-03 10:27 - INFO - 

2026-08-03 10:27 - INFO - Kit 2 Michelin 245/45r20 103w Latitude Sport 3 Zp Runflat
2026-08-03 10:27 - INFO - Sku: 372241
2026-08-03 10:27 - INFO - Precio viejo: 3480000
2026-08-03 10:27 - INFO - Precio nuevo:3584506
2026-08-03 10:27 - INFO - https://articulo.mercadolibre.com.ar/MLA-743728769-kit-2-michelin-24545r20-103w-latitude-sport-3-zp-runflat-_JM
2026-08-03 10:27 - INFO - 

2026-08-03 10:27 - INFO - Kit 2 Neumáticos Michelin 245/45zr20 (103y) Pilot Sport 4 
2026-08-03 10:27 - INFO - Sku: 139556
2026-08-03 10:27 - INFO - Precio viejo: 1902810.99
2026-08-03 10:27 - INFO - Precio nuevo:2933600
2026-08-03 10:27 - INFO - Stock viejo: 2
2026-08-03 10:27 - INFO - Stock nuevo:1
2026-08-03 10:27 - INFO - https://articulo.mercadolibre.com.ar/MLA-743728099-kit-2-neumaticos-michelin-24545zr20-103y-pilot-sport-4-_JM
2026-08-03 10:27 - INFO - 

2026-08-03 10:27 - INFO - Kit 2 Neumáticos Michelin 245/45r20 103y Pilot Sport 4s
2026-08-03 10:27 - INFO - Sku: 139556
2026-08-03 10:27 - INFO - Precio viejo: 3219800
2026-08-03 10:27 - INFO - Precio nuevo:3316244
2026-08-03 10:27 - INFO - https://articulo.mercadolibre.com.ar/MLA-743759418-kit-2-neumaticos-michelin-24545r20-103y-pilot-sport-4s-_JM
2026-08-03 10:27 - INFO - 

2026-08-03 10:27 - INFO - Kit 2 Neumáticos Michelin 255/40r20 101y Pilot Sport 4s Ac
2026-08-03 10:27 - INFO - Sku: 396990
2026-08-03 10:27 - INFO - Precio viejo: 2356600
2026-08-03 10:27 - INFO - Precio nuevo:2283558
2026-08-03 10:27 - INFO - https://articulo.mercadolibre.com.ar/MLA-743730265-kit-2-neumaticos-michelin-25540r20-101y-pilot-sport-4s-ac-_JM
2026-08-03 10:27 - INFO - 

2026-08-03 10:27 - INFO - Kit 4 Neumáticos Michelin 255/45r20 101w Latitude Sport 3 W
2026-08-03 10:27 - INFO - Sku: 592741
2026-08-03 10:27 - INFO - Precio viejo: 4163676.62
2026-08-03 10:27 - INFO - Precio nuevo:5164792
2026-08-03 10:27 - INFO - https://articulo.mercadolibre.com.ar/MLA-743762138-kit-4-neumaticos-michelin-25545r20-101w-latitude-sport-3-w-_JM
2026-08-03 10:27 - INFO - 

2026-08-03 10:27 - INFO - Kit 2 Neumáticos Michelin 255/45r20 101w Latitude Sport 3  W
2026-08-03 10:27 - INFO - Sku: 592741
2026-08-03 10:27 - INFO - Precio viejo: 2507000
2026-08-03 10:27 - INFO - Precio nuevo:2582396
2026-08-03 10:27 - INFO - https://articulo.mercadolibre.com.ar/MLA-743729600-kit-2-neumaticos-michelin-25545r20-101w-latitude-sport-3-w-_JM
2026-08-03 10:27 - INFO - 

2026-08-03 10:27 - INFO - Kit 4 Neumáticos Michelin 255/50r20 109y Pilot Sport 4 Suv Y
2026-08-03 10:27 - INFO - Sku: 579370
2026-08-03 10:27 - INFO - Precio viejo: 3498800
2026-08-03 10:27 - INFO - Precio nuevo:3603568
2026-08-03 10:27 - INFO - https://articulo.mercadolibre.com.ar/MLA-814996676-kit-4-neumaticos-michelin-25550r20-109y-pilot-sport-4-suv-y-_JM
2026-08-03 10:27 - INFO - 

2026-08-03 10:27 - INFO - Kit 2 Neumáticos Michelin 255/50r20 109y Pilot Sport 4 Suv Y
2026-08-03 10:27 - INFO - Sku: 579370
2026-08-03 10:27 - INFO - Precio viejo: 1749400
2026-08-03 10:27 - INFO - Precio nuevo:1801784
2026-08-03 10:27 - INFO - Stock viejo: 2
2026-08-03 10:27 - INFO - Stock nuevo:3
2026-08-03 10:27 - INFO - https://articulo.mercadolibre.com.ar/MLA-814995768-kit-2-neumaticos-michelin-25550r20-109y-pilot-sport-4-suv-y-_JM
2026-08-03 10:27 - INFO - 

2026-08-03 10:27 - INFO - Kit 4 Neumáticos Michelin 255/55r20 110y Pilot Sport 4 Suv Y
2026-08-03 10:27 - INFO - Sku: 770932
2026-08-03 10:27 - INFO - Precio viejo: 4101790.41
2026-08-03 10:27 - INFO - Precio nuevo:3181820
2026-08-03 10:27 - INFO - https://articulo.mercadolibre.com.ar/MLA-814996712-kit-4-neumaticos-michelin-25555r20-110y-pilot-sport-4-suv-y-_JM
2026-08-03 10:27 - INFO - 

2026-08-03 10:27 - INFO - Kit 2 Neumáticos Michelin 255/55r20 110y Pilot Sport 4 Suv Y
2026-08-03 10:27 - INFO - Sku: 770932
2026-08-03 10:27 - INFO - Precio viejo: 1838000
2026-08-03 10:27 - INFO - Precio nuevo:1590910
2026-08-03 10:27 - INFO - Stock viejo: 2
2026-08-03 10:27 - INFO - Stock nuevo:3
2026-08-03 10:27 - INFO - https://articulo.mercadolibre.com.ar/MLA-814995793-kit-2-neumaticos-michelin-25555r20-110y-pilot-sport-4-suv-y-_JM
2026-08-03 10:27 - INFO - 

2026-08-03 10:27 - INFO - Kit 4 Neu. Bfgoodrich 255/55r20 110h Trail Terrain T/a 
2026-08-03 10:27 - INFO - Sku: 835308
2026-08-03 10:27 - INFO - Precio viejo: 3992800
2026-08-03 10:27 - INFO - Precio nuevo:3701400
2026-08-03 10:27 - INFO - https://articulo.mercadolibre.com.ar/MLA-743763146-kit-4-neu-bfgoodrich-25555r20-110h-trail-terrain-ta-_JM
2026-08-03 10:27 - INFO - 

2026-08-03 10:27 - INFO - Kit 2 Neumáticos Bfgoodrich 255/55r20 110h Trail Terrain T/a H
2026-08-03 10:27 - INFO - Sku: 835308
2026-08-03 10:27 - INFO - Precio viejo: 1996400
2026-08-03 10:27 - INFO - Precio nuevo:1850700
2026-08-03 10:27 - INFO - https://articulo.mercadolibre.com.ar/MLA-814996706-kit-2-neumaticos-bfgoodrich-25555r20-110h-trail-terrain-ta-h-_JM
2026-08-03 10:27 - INFO - 

2026-08-03 10:27 - INFO - Kit 2 Neumáticos 265/35zr20 (99y) Pilot Sport 4s 
2026-08-03 10:27 - INFO - Sku: 459004
2026-08-03 10:27 - INFO - Precio viejo: 1977821.97
2026-08-03 10:27 - INFO - Precio nuevo:3245008
2026-08-03 10:27 - INFO - https://articulo.mercadolibre.com.ar/MLA-743761861-kit-2-neumaticos-26535zr20-99y-pilot-sport-4s-_JM
2026-08-03 10:27 - INFO - 

2026-08-03 10:27 - INFO - Kit 2 Neumáticos Michelin 265/45r20 104y Latitude Sport 3 Y
2026-08-03 10:27 - INFO - Sku: 521105
2026-08-03 10:27 - INFO - Precio viejo: 2655790.17
2026-08-03 10:27 - INFO - Precio nuevo:3012114
2026-08-03 10:27 - INFO - https://articulo.mercadolibre.com.ar/MLA-743761923-kit-2-neumaticos-michelin-26545r20-104y-latitude-sport-3-y-_JM
2026-08-03 10:27 - INFO - 

2026-08-03 10:27 - INFO - Kit 2 Neumáticos Michelin 265/45r20 108y Pilot Sport 4 Suv Y
2026-08-03 10:27 - INFO - Sku: 968025
2026-08-03 10:27 - INFO - Precio viejo: 2702709.13
2026-08-03 10:27 - INFO - Precio nuevo:2868702
2026-08-03 10:27 - INFO - https://articulo.mercadolibre.com.ar/MLA-814996731-kit-2-neumaticos-michelin-26545r20-108y-pilot-sport-4-suv-y-_JM
2026-08-03 10:27 - INFO - 

2026-08-03 10:27 - INFO - Kit 2 Neumáticos Bfgoodrich 265/50r20 107h Trail Terrain T/a H
2026-08-03 10:27 - INFO - Sku: 675543
2026-08-03 10:27 - INFO - Precio viejo: 2064800
2026-08-03 10:27 - INFO - Precio nuevo:1913990
2026-08-03 10:27 - INFO - Stock viejo: 1
2026-08-03 10:27 - INFO - Stock nuevo:2
2026-08-03 10:27 - INFO - https://articulo.mercadolibre.com.ar/MLA-3460061184-kit-2-neumaticos-bfgoodrich-26550r20-107h-trail-terrain-ta-h-_JM
2026-08-03 10:27 - INFO - 

2026-08-03 10:27 - INFO - Kit 4 Neumáticos Bfgoodrich 265/50r20 107h Trail Terrain T/a H
2026-08-03 10:27 - INFO - Sku: 675543
2026-08-03 10:27 - INFO - Precio viejo: 4129600
2026-08-03 10:27 - INFO - Precio nuevo:3827980
2026-08-03 10:27 - INFO - https://articulo.mercadolibre.com.ar/MLA-1836257689-kit-4-neumaticos-bfgoodrich-26550r20-107h-trail-terrain-ta-h-_JM
2026-08-03 10:27 - INFO - 

2026-08-03 10:27 - INFO - Kit 2 Neumáticos Michelin 265/50r20 111h X Lt A/s 2 H
2026-08-03 10:27 - INFO - Sku: 864197
2026-08-03 10:27 - INFO - Precio viejo: 2502800
2026-08-03 10:27 - INFO - Precio nuevo:2577788
2026-08-03 10:27 - INFO - https://articulo.mercadolibre.com.ar/MLA-743762101-kit-2-neumaticos-michelin-26550r20-111h-x-lt-as-2-h-_JM
2026-08-03 10:27 - INFO - 

2026-08-03 10:27 - INFO - Kit 4 Neumáticos Michelin 265/50r20 111h X Lt A/s2 H
2026-08-03 10:27 - INFO - Sku: 864197
2026-08-03 10:27 - INFO - Precio viejo: 5005600
2026-08-03 10:27 - INFO - Precio nuevo:5155576
2026-08-03 10:27 - INFO - https://articulo.mercadolibre.com.ar/MLA-1750556283-kit-4-neumaticos-michelin-26550r20-111h-x-lt-as2-h-_JM
2026-08-03 10:27 - INFO - 

2026-08-03 10:27 - INFO - Kit 2 Neumáticos Michelin 275/30zr20 (97y) Pilot Sport 4s  Y
2026-08-03 10:27 - INFO - Sku: 817354
2026-08-03 10:27 - INFO - Precio viejo: 1922108.68
2026-08-03 10:27 - INFO - Precio nuevo:2335098
2026-08-03 10:27 - INFO - Stock viejo: 2
2026-08-03 10:27 - INFO - Stock nuevo:1
2026-08-03 10:27 - INFO - https://articulo.mercadolibre.com.ar/MLA-743762997-kit-2-neumaticos-michelin-27530zr20-97y-pilot-sport-4s-y-_JM
2026-08-03 10:27 - INFO - 

2026-08-03 10:27 - INFO - Kit 2 Neumáticos Michelin 275/35zr20 102y Pilot Sport 4s Y
2026-08-03 10:27 - INFO - Sku: 814151
2026-08-03 10:27 - INFO - Precio viejo: 1922108.68
2026-08-03 10:27 - INFO - Precio nuevo:2335098
2026-08-03 10:27 - INFO - Stock viejo: 2
2026-08-03 10:27 - INFO - Stock nuevo:1
2026-08-03 10:27 - INFO - https://articulo.mercadolibre.com.ar/MLA-781713227-kit-2-neumaticos-michelin-27535zr20-102y-pilot-sport-4s-y-_JM
2026-08-03 10:27 - INFO - 

2026-08-03 10:27 - INFO - Neumático Michelin 275/35zr20 102y Pilot Sport 4 Zp El 
2026-08-03 10:27 - INFO - Sku: 200803
2026-08-03 10:27 - INFO - Stock viejo: 4
2026-08-03 10:27 - INFO - Stock nuevo:0
2026-08-03 10:27 - INFO - https://articulo.mercadolibre.com.ar/MLA-743758582-neumatico-michelin-27535zr20-102y-pilot-sport-4-zp-el-_JM 

2026-08-03 10:27 - INFO - Kit 4 Neumáticos Michelin 275/35zr20 102y Pilot Sport 4 Zp 
2026-08-03 10:27 - INFO - Sku: 200803
2026-08-03 10:27 - INFO - Stock viejo: 1
2026-08-03 10:27 - INFO - Stock nuevo:0
2026-08-03 10:27 - INFO - https://articulo.mercadolibre.com.ar/MLA-743728319-kit-4-neumaticos-michelin-27535zr20-102y-pilot-sport-4-zp-_JM 

2026-08-03 10:27 - INFO - Kit 4 Neumáticos Michelin 275/35zr20 102y Pilot Sport 4 Zp 
2026-08-03 10:27 - INFO - Sku: 200803
2026-08-03 10:27 - INFO - Stock viejo: 1
2026-08-03 10:27 - INFO - Stock nuevo:0
2026-08-03 10:27 - INFO - https://articulo.mercadolibre.com.ar/MLA-743758594-kit-4-neumaticos-michelin-27535zr20-102y-pilot-sport-4-zp-_JM 

2026-08-03 10:27 - INFO - Neumático Michelin 275/35zr20 102y Pilot Sport 4 Zp El 
2026-08-03 10:27 - INFO - Sku: 200803
2026-08-03 10:27 - INFO - Stock viejo: 4
2026-08-03 10:27 - INFO - Stock nuevo:0
2026-08-03 10:27 - INFO - https://articulo.mercadolibre.com.ar/MLA-743758582-neumatico-michelin-27535zr20-102y-pilot-sport-4-zp-el-_JM 

2026-08-03 10:27 - INFO - Kit 2 Michelin 275/35r20 102y Pilot Sport 4 Zp Runflat
2026-08-03 10:27 - INFO - Sku: 200803
2026-08-03 10:27 - INFO - Precio viejo: 3529882.38
2026-08-03 10:27 - INFO - Precio nuevo:3309946
2026-08-03 10:27 - INFO - Stock viejo: 0
2026-08-03 10:27 - INFO - Stock nuevo:1
2026-08-03 10:27 - INFO - https://articulo.mercadolibre.com.ar/MLA-743758601-kit-2-michelin-27535r20-102y-pilot-sport-4-zp-runflat-_JM
2026-08-03 10:27 - INFO - 

2026-08-03 10:27 - INFO - Kit 2 Neumáticos Michelin 275/45r20 110y Pilot Sport 4 Suv Y
2026-08-03 10:27 - INFO - Sku: 623457
2026-08-03 10:27 - INFO - Stock viejo: 2
2026-08-03 10:27 - INFO - Stock nuevo:0
2026-08-03 10:27 - INFO - https://articulo.mercadolibre.com.ar/MLA-814995841-kit-2-neumaticos-michelin-27545r20-110y-pilot-sport-4-suv-y-_JM 

2026-08-03 10:27 - INFO - Kit 2 Neumáticos Michelin 275/50r20 113y Pilot Sport 4 Suv Y
2026-08-03 10:27 - INFO - Sku: 681104
2026-08-03 10:27 - INFO - Precio viejo: 3152800
2026-08-03 10:27 - INFO - Precio nuevo:3247494
2026-08-03 10:27 - INFO - https://articulo.mercadolibre.com.ar/MLA-743755665-kit-2-neumaticos-michelin-27550r20-113y-pilot-sport-4-suv-y-_JM
2026-08-03 10:27 - INFO - 

2026-08-03 10:27 - INFO - Kit 4 Neumáticos Michelin 275/50r20 113y Pilot Sport 4 Suv W
2026-08-03 10:27 - INFO - Sku: 681104
2026-08-03 10:27 - INFO - Precio viejo: 6305600
2026-08-03 10:27 - INFO - Precio nuevo:6494988
2026-08-03 10:27 - INFO - https://articulo.mercadolibre.com.ar/MLA-851224044-kit-4-neumaticos-michelin-27550r20-113y-pilot-sport-4-suv-w-_JM
2026-08-03 10:27 - INFO - 

2026-08-03 10:27 - INFO - Kit 4 Neumáticos Bfgoodrich 275/55r20 115s At T/a Ko3
2026-08-03 10:27 - INFO - Sku: 184355
2026-08-03 10:27 - INFO - Precio viejo: 3992000
2026-08-03 10:27 - INFO - Precio nuevo:3703844
2026-08-03 10:27 - INFO - https://articulo.mercadolibre.com.ar/MLA-743727892-kit-4-neumaticos-bfgoodrich-27555r20-115s-at-ta-ko3-_JM
2026-08-03 10:27 - INFO - 

2026-08-03 10:27 - INFO - Kit 2 Neumáticos Michelin 275/55r20 113t X Lt A/s T
2026-08-03 10:27 - INFO - Sku: 124247
2026-08-03 10:27 - INFO - Precio viejo: 1671800
2026-08-03 10:27 - INFO - Precio nuevo:1722746
2026-08-03 10:27 - INFO - https://articulo.mercadolibre.com.ar/MLA-743728828-kit-2-neumaticos-michelin-27555r20-113t-x-lt-as-t-_JM
2026-08-03 10:27 - INFO - 

2026-08-03 10:27 - INFO - Combo 4 Llantas Michelin 275/55 R20 Xlt A/s T
2026-08-03 10:27 - INFO - Sku: 124247
2026-08-03 10:27 - INFO - Precio viejo: 3343600
2026-08-03 10:27 - INFO - Precio nuevo:3445492
2026-08-03 10:27 - INFO - Stock viejo: 0
2026-08-03 10:27 - INFO - Stock nuevo:1
2026-08-03 10:27 - INFO - https://articulo.mercadolibre.com.ar/MLA-1430882747-combo-4-llantas-michelin-27555-r20-xlt-as-t-_JM
2026-08-03 10:27 - INFO - 

2026-08-03 10:27 - INFO - Kit 4 Neumáticos Bfgoodrich 275/60r20 119s At T/a Ko3 S
2026-08-03 10:27 - INFO - Sku: 640773
2026-08-03 10:27 - INFO - Precio viejo: 5273200
2026-08-03 10:27 - INFO - Precio nuevo:5430976
2026-08-03 10:27 - INFO - https://articulo.mercadolibre.com.ar/MLA-3115224496-kit-4-neumaticos-bfgoodrich-27560r20-119s-at-ta-ko3-s-_JM
2026-08-03 10:27 - INFO - 

2026-08-03 10:27 - INFO - Kit 2 Neumáticos Michelin 275/60r20 115h Primacy Suv+ H
2026-08-03 10:27 - INFO - Sku: 129780
2026-08-03 10:27 - INFO - Precio viejo: 2600000
2026-08-03 10:27 - INFO - Precio nuevo:2678918
2026-08-03 10:27 - INFO - https://articulo.mercadolibre.com.ar/MLA-1725068117-kit-2-neumaticos-michelin-27560r20-115h-primacy-suv-h-_JM
2026-08-03 10:27 - INFO - 

2026-08-03 10:27 - INFO - Kit 4 Neumáticos Michelin 275/60r20 115h Primacy Suv+ H
2026-08-03 10:27 - INFO - Sku: 129780
2026-08-03 10:27 - INFO - Precio viejo: 5200000
2026-08-03 10:27 - INFO - Precio nuevo:5357836
2026-08-03 10:27 - INFO - https://articulo.mercadolibre.com.ar/MLA-3114959452-kit-4-neumaticos-michelin-27560r20-115h-primacy-suv-h-_JM
2026-08-03 10:27 - INFO - 

2026-08-03 10:27 - INFO - Kit 4 Neumáticos Bfgoodrich 275/60r20 115t Trail Terrain T/a
2026-08-03 10:27 - INFO - Sku: 443196
2026-08-03 10:27 - INFO - Precio viejo: 4793600
2026-08-03 10:27 - INFO - Precio nuevo:4937248
2026-08-03 10:27 - INFO - https://articulo.mercadolibre.com.ar/MLA-743755517-kit-4-neumaticos-bfgoodrich-27560r20-115t-trail-terrain-ta-_JM
2026-08-03 10:27 - INFO - 

2026-08-03 10:27 - INFO - Kit X2 Neumáticos Bfgoodrich 275/60r20 115t Trail Terrain Ta T
2026-08-03 10:27 - INFO - Sku: 443196
2026-08-03 10:27 - INFO - Precio viejo: 2396800
2026-08-03 10:27 - INFO - Precio nuevo:2468624
2026-08-03 10:27 - INFO - https://articulo.mercadolibre.com.ar/MLA-692174444-kit-x2-neumaticos-bfgoodrich-27560r20-115t-trail-terrain-ta-t-_JM
2026-08-03 10:27 - INFO - 

2026-08-03 10:27 - INFO - Neumático Bfgoodrich 275/60r20 115t Trail Terrain T/a
2026-08-03 10:27 - INFO - Sku: 443196
2026-08-03 10:27 - INFO - Precio viejo: 1198400
2026-08-03 10:27 - INFO - Precio nuevo:1234312
2026-08-03 10:27 - INFO - Stock viejo: 0
2026-08-03 10:27 - INFO - Stock nuevo:5
2026-08-03 10:27 - INFO - https://articulo.mercadolibre.com.ar/MLA-3114860514-neumatico-bfgoodrich-27560r20-115t-trail-terrain-ta-_JM
2026-08-03 10:27 - INFO - 

2026-08-03 10:27 - INFO - Kit 2 Neumáticos Michelin 285/35r20 104y Pilot Sport 4s
2026-08-03 10:27 - INFO - Sku: 158437
2026-08-03 10:27 - INFO - Precio viejo: 4329000
2026-08-03 10:27 - INFO - Precio nuevo:4458828
2026-08-03 10:27 - INFO - https://articulo.mercadolibre.com.ar/MLA-743729161-kit-2-neumaticos-michelin-28535r20-104y-pilot-sport-4s-_JM
2026-08-03 10:27 - INFO - 

2026-08-03 10:27 - INFO - Kit 2 Neumáticos 285/40r20 108y Latitude Sport 3 Mo Michelin
2026-08-03 10:27 - INFO - Sku: 712106
2026-08-03 10:27 - INFO - Precio viejo: 1192122.21
2026-08-03 10:27 - INFO - Precio nuevo:4388974
2026-08-03 10:27 - INFO - Stock viejo: 0
2026-08-03 10:27 - INFO - Stock nuevo:1
2026-08-03 10:27 - INFO - https://articulo.mercadolibre.com.ar/MLA-743762722-kit-2-neumaticos-28540r20-108y-latitude-sport-3-mo-michelin-_JM
2026-08-03 10:27 - INFO - 

2026-08-03 10:27 - INFO - Kit 2 Neumáticos Michelin 285/45r20 112y Pilot Sport 4 Suv  Y
2026-08-03 10:27 - INFO - Sku: 817348
2026-08-03 10:27 - INFO - Precio viejo: 3787200
2026-08-03 10:27 - INFO - Precio nuevo:3787142
2026-08-03 10:27 - INFO - https://articulo.mercadolibre.com.ar/MLA-814995840-kit-2-neumaticos-michelin-28545r20-112y-pilot-sport-4-suv-y-_JM
2026-08-03 10:27 - INFO - 

2026-08-03 10:27 - INFO - Kit 4 Neumáticos Michelin 285/45r20 112y Pilot Sport 4 Suv Y
2026-08-03 10:27 - INFO - Sku: 817348
2026-08-03 10:27 - INFO - Precio viejo: 7574400
2026-08-03 10:27 - INFO - Precio nuevo:7574284
2026-08-03 10:27 - INFO - https://articulo.mercadolibre.com.ar/MLA-814995853-kit-4-neumaticos-michelin-28545r20-112y-pilot-sport-4-suv-y-_JM
2026-08-03 10:27 - INFO - 

2026-08-03 10:27 - INFO - Kit 4 Neumaticos Bfgoodrich 285/65r20 127s At T/a Ko3 S
2026-08-03 10:27 - INFO - Sku: 337123
2026-08-03 10:27 - INFO - Precio viejo: 5189600
2026-08-03 10:27 - INFO - Precio nuevo:5189720
2026-08-03 10:27 - INFO - https://articulo.mercadolibre.com.ar/MLA-1592860509-kit-4-neumaticos-bfgoodrich-28565r20-127s-at-ta-ko3-s-_JM
2026-08-03 10:27 - INFO - 

2026-08-03 10:27 - INFO - Kit 2 Neumáticos Michelin 295/35r20 105y Pilot Sport 4s Y
2026-08-03 10:27 - INFO - Sku: 365264
2026-08-03 10:27 - INFO - Precio viejo: 4102000
2026-08-03 10:27 - INFO - Precio nuevo:4225228
2026-08-03 10:27 - INFO - https://articulo.mercadolibre.com.ar/MLA-839133353-kit-2-neumaticos-michelin-29535r20-105y-pilot-sport-4s-y-_JM
2026-08-03 10:27 - INFO - 

2026-08-03 10:27 - INFO - Kit 2 Neumáticos Michelin 295/40r20 106y Latitude Sport 3 
2026-08-03 10:27 - INFO - Sku: 815490
2026-08-03 10:27 - INFO - Precio viejo: 683579.26
2026-08-03 10:27 - INFO - Precio nuevo:2638646
2026-08-03 10:27 - INFO - Stock viejo: 0
2026-08-03 10:27 - INFO - Stock nuevo:1
2026-08-03 10:27 - INFO - https://articulo.mercadolibre.com.ar/MLA-743730217-kit-2-neumaticos-michelin-29540r20-106y-latitude-sport-3-_JM
2026-08-03 10:27 - INFO - 

2026-08-03 10:27 - INFO - Kit 2 Neumáticos Michelin 295/40r20 106y Latitude Sport 3
2026-08-03 10:27 - INFO - Sku: 815490
2026-08-03 10:27 - INFO - Precio viejo: 3518600
2026-08-03 10:27 - INFO - Precio nuevo:2982818
2026-08-03 10:27 - INFO - https://articulo.mercadolibre.com.ar/MLA-743762968-kit-2-neumaticos-michelin-29540r20-106y-latitude-sport-3-_JM
2026-08-03 10:27 - INFO - 

2026-08-03 10:27 - INFO - Kit 2 Neumáticos Michelin 305/30zr20 103y Pilot Sport 4s
2026-08-03 10:27 - INFO - Sku: 077027
2026-08-03 10:27 - INFO - Precio viejo: 3324284.35
2026-08-03 10:27 - INFO - Precio nuevo:3802720
2026-08-03 10:27 - INFO - https://articulo.mercadolibre.com.ar/MLA-770801828-kit-2-neumaticos-michelin-30530zr20-103y-pilot-sport-4s-_JM
2026-08-03 10:27 - INFO - 

2026-08-03 10:27 - INFO - Kit 2 Neumáticos 305/40r20 112y Pilot Sport 4 Suv
2026-08-03 10:27 - INFO - Sku: 632600
2026-08-03 10:27 - INFO - Precio viejo: 3657400
2026-08-03 10:27 - INFO - Precio nuevo:3767188
2026-08-03 10:27 - INFO - https://articulo.mercadolibre.com.ar/MLA-743728061-kit-2-neumaticos-30540r20-112y-pilot-sport-4-suv-_JM
2026-08-03 10:27 - INFO - 

2026-08-03 10:27 - INFO - Kit 4 Neumáticos Bfgoodrich 305/55r20 125s At T/a Ko3
2026-08-03 10:27 - INFO - Sku: 403774
2026-08-03 10:27 - INFO - Precio viejo: 5315600
2026-08-03 10:27 - INFO - Precio nuevo:5475152
2026-08-03 10:27 - INFO - https://articulo.mercadolibre.com.ar/MLA-743729160-kit-4-neumaticos-bfgoodrich-30555r20-125s-at-ta-ko3-_JM
2026-08-03 10:27 - INFO - 

2026-08-03 10:27 - INFO - Kit 2 Neumáticos Bfgoodrich 305/55r20 125s At T/a Ko3 S
2026-08-03 10:27 - INFO - Sku: 403774
2026-08-03 10:27 - INFO - Precio viejo: 2657800
2026-08-03 10:27 - INFO - Precio nuevo:2737576
2026-08-03 10:27 - INFO - Stock viejo: 1
2026-08-03 10:27 - INFO - Stock nuevo:2
2026-08-03 10:27 - INFO - https://articulo.mercadolibre.com.ar/MLA-1846966841-kit-2-neumaticos-bfgoodrich-30555r20-125s-at-ta-ko3-s-_JM
2026-08-03 10:27 - INFO - 

2026-08-03 10:27 - INFO - Kit 2 Neumáticos Michelin 315/35r20 110w Latitude Sport 3 W
2026-08-03 10:27 - INFO - Sku: 964349
2026-08-03 10:27 - INFO - Precio viejo: 3003673.29
2026-08-03 10:27 - INFO - Precio nuevo:2742700
2026-08-03 10:27 - INFO - Stock viejo: 2
2026-08-03 10:27 - INFO - Stock nuevo:1
2026-08-03 10:27 - INFO - https://articulo.mercadolibre.com.ar/MLA-682853581-kit-2-neumaticos-michelin-31535r20-110w-latitude-sport-3-w-_JM
2026-08-03 10:27 - INFO - 

2026-08-03 10:27 - INFO - Kit 4 Neumáticos Bfgoodrich 325/60r20 128s At T/a Ko3
2026-08-03 10:27 - INFO - Sku: 322504
2026-08-03 10:27 - INFO - Precio viejo: 6022800
2026-08-03 10:27 - INFO - Precio nuevo:6022668
2026-08-03 10:27 - INFO - https://articulo.mercadolibre.com.ar/MLA-743763379-kit-4-neumaticos-bfgoodrich-32560r20-128s-at-ta-ko3-_JM
2026-08-03 10:27 - INFO - 

2026-08-03 10:27 - INFO - Kit 2 Neumáticos Bfgoodrich 35x12.50r20 121q Mud Tr T/a Km3 
2026-08-03 10:27 - INFO - Sku: 179044
2026-08-03 10:27 - INFO - Precio viejo: 742961.7
2026-08-03 10:27 - INFO - Precio nuevo:2118872
2026-08-03 10:27 - INFO - Stock viejo: 0
2026-08-03 10:27 - INFO - Stock nuevo:2
2026-08-03 10:27 - INFO - https://articulo.mercadolibre.com.ar/MLA-763117671-kit-2-neumaticos-bfgoodrich-35x1250r20-121q-mud-tr-ta-km3-_JM
2026-08-03 10:27 - INFO - 

2026-08-03 10:27 - INFO - Kit 2 Neumáticos Bfgoodrich 35x12.50r20 121q Mud Tr T/a Km3
2026-08-03 10:27 - INFO - Sku: 179044
2026-08-03 10:27 - INFO - Precio viejo: 950990.98
2026-08-03 10:27 - INFO - Precio nuevo:2395246
2026-08-03 10:27 - INFO - Stock viejo: 0
2026-08-03 10:27 - INFO - Stock nuevo:2
2026-08-03 10:27 - INFO - https://articulo.mercadolibre.com.ar/MLA-763117672-kit-2-neumaticos-bfgoodrich-35x1250r20-121q-mud-tr-ta-km3-_JM
2026-08-03 10:27 - INFO - 

2026-08-03 10:27 - INFO - Kit 4 Neumáticos Bfgoodrich 35x12.50r20 121q Mud Tr T/a Km3 
2026-08-03 10:27 - INFO - Sku: 179044
2026-08-03 10:27 - INFO - Precio viejo: 1901981.91
2026-08-03 10:27 - INFO - Precio nuevo:4790492
2026-08-03 10:27 - INFO - Stock viejo: 0
2026-08-03 10:27 - INFO - Stock nuevo:1
2026-08-03 10:27 - INFO - https://articulo.mercadolibre.com.ar/MLA-763117674-kit-4-neumaticos-bfgoodrich-35x1250r20-121q-mud-tr-ta-km3-_JM
2026-08-03 10:27 - INFO - 

2026-08-03 10:27 - INFO - Kit 2 Michelin 275/35r21 99y Pilot Super Sport Zp Run Flat Y
2026-08-03 10:27 - INFO - Sku: 442086
2026-08-03 10:27 - INFO - Precio viejo: 2618600
2026-08-03 10:27 - INFO - Precio nuevo:3235216
2026-08-03 10:27 - INFO - https://articulo.mercadolibre.com.ar/MLA-839133467-kit-2-michelin-27535r21-99y-pilot-super-sport-zp-run-flat-y-_JM
2026-08-03 10:27 - INFO - 

2026-08-03 10:27 - INFO - Kit 2 Neumáticos Michelin 275/45r21 107y Latitude Sport 3 
2026-08-03 10:27 - INFO - Sku: 633855
2026-08-03 10:27 - INFO - Precio viejo: 3442000
2026-08-03 10:27 - INFO - Precio nuevo:3561470
2026-08-03 10:27 - INFO - https://articulo.mercadolibre.com.ar/MLA-743762469-kit-2-neumaticos-michelin-27545r21-107y-latitude-sport-3-_JM
2026-08-03 10:27 - INFO - 

2026-08-03 10:27 - INFO - Kit 4 Neumáticos Michelin 285/40r21 109y Pilot Sport 4 Suv
2026-08-03 10:27 - INFO - Sku: 477308
2026-08-03 10:27 - INFO - Precio viejo: 4312000
2026-08-03 10:27 - INFO - Precio nuevo:5082928
2026-08-03 10:27 - INFO - https://articulo.mercadolibre.com.ar/MLA-814995867-kit-4-neumaticos-michelin-28540r21-109y-pilot-sport-4-suv-_JM
2026-08-03 10:27 - INFO - 

2026-08-03 10:27 - INFO - Kit 2 Neumáticos Michelin 285/40r21 109y Pilot Sport 4 Suv
2026-08-03 10:27 - INFO - Sku: 477308
2026-08-03 10:27 - INFO - Precio viejo: 2156000
2026-08-03 10:27 - INFO - Precio nuevo:2541464
2026-08-03 10:27 - INFO - Stock viejo: 4
2026-08-03 10:27 - INFO - Stock nuevo:5
2026-08-03 10:27 - INFO - https://articulo.mercadolibre.com.ar/MLA-814995856-kit-2-neumaticos-michelin-28540r21-109y-pilot-sport-4-suv-_JM
2026-08-03 10:27 - INFO - 

2026-08-03 10:27 - INFO - Kit 4 Neumaticos Michelin 285/45r21 113y Pilot Sport 4 Suv Y
2026-08-03 10:27 - INFO - Sku: 780219
2026-08-03 10:27 - INFO - Stock viejo: 1
2026-08-03 10:27 - INFO - Stock nuevo:0
2026-08-03 10:27 - INFO - https://articulo.mercadolibre.com.ar/MLA-1552359403-kit-4-neumaticos-michelin-28545r21-113y-pilot-sport-4-suv-y-_JM 

2026-08-03 10:27 - INFO - Kit 2 Neumáticos Michelin 285/45r21 113y Pilot Sport 4 Suv Y
2026-08-03 10:27 - INFO - Sku: 780219
2026-08-03 10:27 - INFO - Precio viejo: 3728691.04
2026-08-03 10:27 - INFO - Precio nuevo:3814238
2026-08-03 10:27 - INFO - Stock viejo: 2
2026-08-03 10:27 - INFO - Stock nuevo:1
2026-08-03 10:27 - INFO - https://articulo.mercadolibre.com.ar/MLA-839134713-kit-2-neumaticos-michelin-28545r21-113y-pilot-sport-4-suv-y-_JM
2026-08-03 10:27 - INFO - 

2026-08-03 10:27 - INFO - Kit 2 Neumáticos Michelín 315/30zr21 Pilot Sport 4
2026-08-03 10:27 - INFO - Sku: 171043
2026-08-03 10:27 - INFO - Precio viejo: 2980661.27
2026-08-03 10:27 - INFO - Precio nuevo:2650818
2026-08-03 10:27 - INFO - https://articulo.mercadolibre.com.ar/MLA-763964133-kit-2-neumaticos-michelin-31530zr21-pilot-sport-4-_JM
2026-08-03 10:27 - INFO - 

2026-08-03 10:27 - INFO - Kit 2 Neumáticos Michelin 315/30r21 Pilot Sport 4 Y
2026-08-03 10:27 - INFO - Sku: 171043
2026-08-03 10:27 - INFO - Precio viejo: 2618400
2026-08-03 10:27 - INFO - Precio nuevo:2996578
2026-08-03 10:27 - INFO - https://articulo.mercadolibre.com.ar/MLA-763964147-kit-2-neumaticos-michelin-31530r21-pilot-sport-4-y-_JM
2026-08-03 10:27 - INFO - 

2026-08-03 10:27 - INFO - Kit 2 Neumáticos Michelin 315/35r21 111y Pilot Sport 4 Suv Y
2026-08-03 10:27 - INFO - Sku: 860113
2026-08-03 10:27 - INFO - Precio viejo: 3374800
2026-08-03 10:27 - INFO - Precio nuevo:2774752
2026-08-03 10:27 - INFO - https://articulo.mercadolibre.com.ar/MLA-743728596-kit-2-neumaticos-michelin-31535r21-111y-pilot-sport-4-suv-y-_JM
2026-08-03 10:27 - INFO - 

2026-08-03 10:27 - INFO - Kit 2 Neumáticos Michelin 285/40r22 110y Pilot Sport 4s Y
2026-08-03 10:27 - INFO - Sku: 920275
2026-08-03 10:27 - INFO - Precio viejo: 2618600
2026-08-03 10:27 - INFO - Precio nuevo:3120894
2026-08-03 10:27 - INFO - https://articulo.mercadolibre.com.ar/MLA-839133861-kit-2-neumaticos-michelin-28540r22-110y-pilot-sport-4s-y-_JM
2026-08-03 10:27 - INFO - 

2026-08-03 10:27 - INFO - Kit 2 Neumáticos Michelin 295/35r23 108y Pilot Sport 4 Suv  Y
2026-08-03 10:27 - INFO - Sku: 778586
2026-08-03 10:27 - INFO - Precio viejo: 3430000
2026-08-03 10:27 - INFO - Precio nuevo:6860024
2026-08-03 10:27 - INFO - Stock viejo: 2
2026-08-03 10:27 - INFO - Stock nuevo:1
2026-08-03 10:27 - INFO - https://articulo.mercadolibre.com.ar/MLA-814995630-kit-2-neumaticos-michelin-29535r23-108y-pilot-sport-4-suv-y-_JM
2026-08-03 10:27 - INFO - 

2026-08-03 10:27 - INFO - Kit 2 Neumáticos Michelin 220/55vr390 93w Trx-b 
2026-08-03 10:27 - INFO - Sku: 418171
2026-08-03 10:27 - INFO - Precio viejo: 597149.62
2026-08-03 10:27 - INFO - Precio nuevo:1454916
2026-08-03 10:27 - INFO - Stock viejo: 1
2026-08-03 10:27 - INFO - Stock nuevo:2
2026-08-03 10:27 - INFO - https://articulo.mercadolibre.com.ar/MLA-743729092-kit-2-neumaticos-michelin-22055vr390-93w-trx-b-_JM
2026-08-03 10:27 - INFO - 

2026-08-03 10:27 - INFO - Kit 2 Neumáticos Michelin 220/55vr390 93w Trx-b 
2026-08-03 10:27 - INFO - Sku: 418171
2026-08-03 10:27 - INFO - Precio viejo: 746437.05
2026-08-03 10:27 - INFO - Precio nuevo:1644688
2026-08-03 10:27 - INFO - Stock viejo: 1
2026-08-03 10:27 - INFO - Stock nuevo:2
2026-08-03 10:27 - INFO - https://articulo.mercadolibre.com.ar/MLA-743761721-kit-2-neumaticos-michelin-22055vr390-93w-trx-b-_JM
2026-08-03 10:27 - INFO - 

2026-08-03 10:27 - INFO - Kit 4 Neumáticos Michelin 220/55r390 93w Trx-b Coleccion
2026-08-03 10:27 - INFO - Sku: 418171
2026-08-03 10:27 - INFO - Precio viejo: 3289600
2026-08-03 10:27 - INFO - Precio nuevo:3289376
2026-08-03 10:27 - INFO - https://articulo.mercadolibre.com.ar/MLA-743729096-kit-4-neumaticos-michelin-22055r390-93w-trx-b-coleccion-_JM
2026-08-03 10:27 - INFO - 

2026-08-03 10:27 - INFO - Kit 4 Neumáticos Michelin 125r400 X Tt Coleccion R
2026-08-03 10:27 - INFO - Sku: 002210
2026-08-03 10:27 - INFO - Precio viejo: 1386000
2026-08-03 10:27 - INFO - Precio nuevo:1386252
2026-08-03 10:27 - INFO - https://articulo.mercadolibre.com.ar/MLA-839133843-kit-4-neumaticos-michelin-125r400-x-tt-coleccion-r-_JM
2026-08-03 10:27 - INFO - 

2026-08-03 10:27 - INFO - Sincronización hecha
